simcontig	0	512	simcontig:0	0	-	simcontig	1512	2024	0	SD1	0	N/A	N/A	N/A	N/A	N/A	512	0	0	512	506.88	5.12	0	0	0.99	0.99	0	0
simcontig	1512	2024	simcontig:1512	0	-	simcontig	0	512	0	SD1	0	N/A	N/A	N/A	N/A	N/A	512	0	0	512	506.88	5.12	0	0	0.99	0.99	0	0
simcontig	2536	3048	simcontig:2536	0	-	simcontig	4048	4560	0	SD2	0	N/A	N/A	N/A	N/A	N/A	512	0	0	512	506.88	5.12	0	0	0.99	0.99	0	0
simcontig	4048	4560	simcontig:4048	0	-	simcontig	2536	3048	0	SD2	0	N/A	N/A	N/A	N/A	N/A	512	0	0	512	506.88	5.12	0	0	0.99	0.99	0	0
simcontig	5072	5584	simcontig:5072	0	-	simcontig	6584	7096	0	SD3	0	N/A	N/A	N/A	N/A	N/A	512	0	0	512	506.88	5.12	0	0	0.99	0.99	0	0
simcontig	6584	7096	simcontig:6584	0	-	simcontig	5072	5584	0	SD3	0	N/A	N/A	N/A	N/A	N/A	512	0	0	512	506.88	5.12	0	0	0.99	0.99	0	0
simcontig	7608	8120	simcontig:7608	0	-	simcontig	9120	9632	0	SD4	0	N/A	N/A	N/A	N/A	N/A	512	0	0	512	506.88	5.12	0	0	0.99	0.99	0	0
simcontig	9120	9632	simcontig:9120	0	-	simcontig	7608	8120	0	SD4	0	N/A	N/A	N/A	N/A	N/A	512	0	0	512	506.88	5.12	0	0	0.99	0.99	0	0
simcontig	10144	10656	simcontig:10144	0	-	simcontig	11656	12168	0	SD5	0	N/A	N/A	N/A	N/A	N/A	512	0	0	512	506.88	5.12	0	0	0.99	0.99	0	0
simcontig	11656	12168	simcontig:11656	0	-	simcontig	10144	10656	0	SD5	0	N/A	N/A	N/A	N/A	N/A	512	0	0	512	506.88	5.12	0	0	0.99	0.99	0	0
simcontig	12680	13192	simcontig:12680	0	-	simcontig	14192	14704	0	SD6	0	N/A	N/A	N/A	N/A	N/A	512	0	0	512	506.88	5.12	0	0	0.99	0.99	0	0
simcontig	14192	14704	simcontig:14192	0	-	simcontig	12680	13192	0	SD6	0	N/A	N/A	N/A	N/A	N/A	512	0	0	512	506.88	5.12	0	0	0.99	0.99	0	0
simcontig	15216	15728	simcontig:15216	0	-	simcontig	16728	17240	0	SD7	0	N/A	N/A	N/A	N/A	N/A	512	0	0	512	506.88	5.12	0	0	0.99	0.99	0	0
simcontig	16728	17240	simcontig:16728	0	-	simcontig	15216	15728	0	SD7	0	N/A	N/A	N/A	N/A	N/A	512	0	0	512	506.88	5.12	0	0	0.99	0.99	0	0
simcontig	17752	18264	simcontig:17752	0	-	simcontig	19264	19776	0	SD8	0	N/A	N/A	N/A	N/A	N/A	512	0	0	512	506.88	5.12	0	0	0.99	0.99	0	0
simcontig	19264	19776	simcontig:19264	0	-	simcontig	17752	18264	0	SD8	0	N/A	N/A	N/A	N/A	N/A	512	0	0	512	506.88	5.12	0	0	0.99	0.99	0	0
simcontig	20288	20800	simcontig:20288	0	-	simcontig	21800	22312	0	SD9	0	N/A	N/A	N/A	N/A	N/A	512	0	0	512	506.88	5.12	0	0	0.99	0.99	0	0
simcontig	21800	22312	simcontig:21800	0	-	simcontig	20288	20800	0	SD9	0	N/A	N/A	N/A	N/A	N/A	512	0	0	512	506.88	5.12	0	0	0.99	0.99	0	0
simcontig	22824	23336	simcontig:22824	0	-	simcontig	24336	24848	0	SD10	0	N/A	N/A	N/A	N/A	N/A	512	0	0	512	506.88	5.12	0	0	0.99	0.99	0	0
simcontig	24336	24848	simcontig:24336	0	-	simcontig	22824	23336	0	SD10	0	N/A	N/A	N/A	N/A	N/A	512	0	0	512	506.88	5.12	0	0	0.99	0.99	0	0
simcontig	25360	25872	simcontig:25360	0	-	simcontig	26872	27384	0	SD11	0	N/A	N/A	N/A	N/A	N/A	512	0	0	512	506.88	5.12	0	0	0.99	0.99	0	0
simcontig	26872	27384	simcontig:26872	0	-	simcontig	25360	25872	0	SD11	0	N/A	N/A	N/A	N/A	N/A	512	0	0	512	506.88	5.12	0	0	0.99	0.99	0	0
simcontig	27896	28408	simcontig:27896	0	-	simcontig	29408	29920	0	SD12	0	N/A	N/A	N/A	N/A	N/A	512	0	0	512	506.88	5.12	0	0	0.99	0.99	0	0
simcontig	29408	29920	simcontig:29408	0	-	simcontig	27896	28408	0	SD12	0	N/A	N/A	N/A	N/A	N/A	512	0	0	512	506.88	5.12	0	0	0.99	0.99	0	0
simcontig	30432	30944	simcontig:30432	0	-	simcontig	31944	32456	0	SD13	0	N/A	N/A	N/A	N/A	N/A	512	0	0	512	506.88	5.12	0	0	0.99	0.99	0	0
simcontig	31944	32456	simcontig:31944	0	-	simcontig	30432	30944	0	SD13	0	N/A	N/A	N/A	N/A	N/A	512	0	0	512	506.88	5.12	0	0	0.99	0.99	0	0
simcontig	32968	33480	simcontig:32968	0	-	simcontig	34480	34992	0	SD14	0	N/A	N/A	N/A	N/A	N/A	512	0	0	512	506.88	5.12	0	0	0.99	0.99	0	0
simcontig	34480	34992	simcontig:34480	0	-	simcontig	32968	33480	0	SD14	0	N/A	N/A	N/A	N/A	N/A	512	0	0	512	506.88	5.12	0	0	0.99	0.99	0	0
simcontig	35504	36016	simcontig:35504	0	-	simcontig	37016	37528	0	SD15	0	N/A	N/A	N/A	N/A	N/A	512	0	0	512	506.88	5.12	0	0	0.99	0.99	0	0
simcontig	37016	37528	simcontig:37016	0	-	simcontig	35504	36016	0	SD15	0	N/A	N/A	N/A	N/A	N/A	512	0	0	512	506.88	5.12	0	0	0.99	0.99	0	0
simcontig	38040	38552	simcontig:38040	0	-	simcontig	39552	40064	0	SD16	0	N/A	N/A	N/A	N/A	N/A	512	0	0	512	506.88	5.12	0	0	0.99	0.99	0	0
simcontig	39552	40064	simcontig:39552	0	-	simcontig	38040	38552	0	SD16	0	N/A	N/A	N/A	N/A	N/A	512	0	0	512	506.88	5.12	0	0	0.99	0.99	0	0
simcontig	40576	41088	simcontig:40576	0	-	simcontig	42088	42600	0	SD17	0	N/A	N/A	N/A	N/A	N/A	512	0	0	512	506.88	5.12	0	0	0.99	0.99	0	0
simcontig	42088	42600	simcontig:42088	0	-	simcontig	40576	41088	0	SD17	0	N/A	N/A	N/A	N/A	N/A	512	0	0	512	506.88	5.12	0	0	0.99	0.99	0	0
simcontig	43112	43624	simcontig:43112	0	-	simcontig	44624	45136	0	SD18	0	N/A	N/A	N/A	N/A	N/A	512	0	0	512	506.88	5.12	0	0	0.99	0.99	0	0
simcontig	44624	45136	simcontig:44624	0	-	simcontig	43112	43624	0	SD18	0	N/A	N/A	N/A	N/A	N/A	512	0	0	512	506.88	5.12	0	0	0.99	0.99	0	0
simcontig	45648	46160	simcontig:45648	0	-	simcontig	47160	47672	0	SD19	0	N/A	N/A	N/A	N/A	N/A	512	0	0	512	506.88	5.12	0	0	0.99	0.99	0	0
simcontig	47160	47672	simcontig:47160	0	-	simcontig	45648	46160	0	SD19	0	N/A	N/A	N/A	N/A	N/A	512	0	0	512	506.88	5.12	0	0	0.99	0.99	0	0
simcontig	48184	48696	simcontig:48184	0	-	simcontig	49696	50208	0	SD20	0	N/A	N/A	N/A	N/A	N/A	512	0	0	512	506.88	5.12	0	0	0.99	0.99	0	0
simcontig	49696	50208	simcontig:49696	0	-	simcontig	48184	48696	0	SD20	0	N/A	N/A	N/A	N/A	N/A	512	0	0	512	506.88	5.12	0	0	0.99	0.99	0	0
simcontig	50720	51232	simcontig:50720	0	-	simcontig	52232	52744	0	SD21	0	N/A	N/A	N/A	N/A	N/A	512	0	0	512	506.88	5.12	0	0	0.99	0.99	0	0
simcontig	52232	52744	simcontig:52232	0	-	simcontig	50720	51232	0	SD21	0	N/A	N/A	N/A	N/A	N/A	512	0	0	512	506.88	5.12	0	0	0.99	0.99	0	0
simcontig	53256	53768	simcontig:53256	0	-	simcontig	54768	55280	0	SD22	0	N/A	N/A	N/A	N/A	N/A	512	0	0	512	506.88	5.12	0	0	0.99	0.99	0	0
simcontig	54768	55280	simcontig:54768	0	-	simcontig	53256	53768	0	SD22	0	N/A	N/A	N/A	N/A	N/A	512	0	0	512	506.88	5.12	0	0	0.99	0.99	0	0
simcontig	55792	56304	simcontig:55792	0	-	simcontig	57304	57816	0	SD23	0	N/A	N/A	N/A	N/A	N/A	512	0	0	512	506.88	5.12	0	0	0.99	0.99	0	0
simcontig	57304	57816	simcontig:57304	0	-	simcontig	55792	56304	0	SD23	0	N/A	N/A	N/A	N/A	N/A	512	0	0	512	506.88	5.12	0	0	0.99	0.99	0	0
simcontig	58328	58840	simcontig:58328	0	-	simcontig	59840	60352	0	SD24	0	N/A	N/A	N/A	N/A	N/A	512	0	0	512	506.88	5.12	0	0	0.99	0.99	0	0
simcontig	59840	60352	simcontig:59840	0	-	simcontig	58328	58840	0	SD24	0	N/A	N/A	N/A	N/A	N/A	512	0	0	512	506.88	5.12	0	0	0.99	0.99	0	0
simcontig	60864	61376	simcontig:60864	0	-	simcontig	62376	62888	0	SD25	0	N/A	N/A	N/A	N/A	N/A	512	0	0	512	506.88	5.12	0	0	0.99	0.99	0	0
simcontig	62376	62888	simcontig:62376	0	-	simcontig	60864	61376	0	SD25	0	N/A	N/A	N/A	N/A	N/A	512	0	0	512	506.88	5.12	0	0	0.99	0.99	0	0
simcontig	63400	63912	simcontig:63400	0	-	simcontig	64912	65424	0	SD26	0	N/A	N/A	N/A	N/A	N/A	512	0	0	512	506.88	5.12	0	0	0.99	0.99	0	0
simcontig	64912	65424	simcontig:64912	0	-	simcontig	63400	63912	0	SD26	0	N/A	N/A	N/A	N/A	N/A	512	0	0	512	506.88	5.12	0	0	0.99	0.99	0	0
simcontig	65936	66448	simcontig:65936	0	-	simcontig	67448	67960	0	SD27	0	N/A	N/A	N/A	N/A	N/A	512	0	0	512	506.88	5.12	0	0	0.99	0.99	0	0
simcontig	67448	67960	simcontig:67448	0	-	simcontig	65936	66448	0	SD27	0	N/A	N/A	N/A	N/A	N/A	512	0	0	512	506.88	5.12	0	0	0.99	0.99	0	0
simcontig	68472	68984	simcontig:68472	0	-	simcontig	69984	70496	0	SD28	0	N/A	N/A	N/A	N/A	N/A	512	0	0	512	506.88	5.12	0	0	0.99	0.99	0	0
simcontig	69984	70496	simcontig:69984	0	-	simcontig	68472	68984	0	SD28	0	N/A	N/A	N/A	N/A	N/A	512	0	0	512	506.88	5.12	0	0	0.99	0.99	0	0
simcontig	71008	71520	simcontig:71008	0	-	simcontig	72520	73032	0	SD29	0	N/A	N/A	N/A	N/A	N/A	512	0	0	512	506.88	5.12	0	0	0.99	0.99	0	0
simcontig	72520	73032	simcontig:72520	0	-	simcontig	71008	71520	0	SD29	0	N/A	N/A	N/A	N/A	N/A	512	0	0	512	506.88	5.12	0	0	0.99	0.99	0	0
simcontig	73544	74056	simcontig:73544	0	-	simcontig	75056	75568	0	SD30	0	N/A	N/A	N/A	N/A	N/A	512	0	0	512	506.88	5.12	0	0	0.99	0.99	0	0
simcontig	75056	75568	simcontig:75056	0	-	simcontig	73544	74056	0	SD30	0	N/A	N/A	N/A	N/A	N/A	512	0	0	512	506.88	5.12	0	0	0.99	0.99	0	0
simcontig	76080	76592	simcontig:76080	0	-	simcontig	77592	78104	0	SD31	0	N/A	N/A	N/A	N/A	N/A	512	0	0	512	506.88	5.12	0	0	0.99	0.99	0	0
simcontig	77592	78104	simcontig:77592	0	-	simcontig	76080	76592	0	SD31	0	N/A	N/A	N/A	N/A	N/A	512	0	0	512	506.88	5.12	0	0	0.99	0.99	0	0
simcontig	78616	79128	simcontig:78616	0	-	simcontig	80128	80640	0	SD32	0	N/A	N/A	N/A	N/A	N/A	512	0	0	512	506.88	5.12	0	0	0.99	0.99	0	0
simcontig	80128	80640	simcontig:80128	0	-	simcontig	78616	79128	0	SD32	0	N/A	N/A	N/A	N/A	N/A	512	0	0	512	506.88	5.12	0	0	0.99	0.99	0	0
simcontig	81152	81664	simcontig:81152	0	-	simcontig	82664	83176	0	SD33	0	N/A	N/A	N/A	N/A	N/A	512	0	0	512	506.88	5.12	0	0	0.99	0.99	0	0
simcontig	82664	83176	simcontig:82664	0	-	simcontig	81152	81664	0	SD33	0	N/A	N/A	N/A	N/A	N/A	512	0	0	512	506.88	5.12	0	0	0.99	0.99	0	0
simcontig	83688	84200	simcontig:83688	0	-	simcontig	85200	85712	0	SD34	0	N/A	N/A	N/A	N/A	N/A	512	0	0	512	506.88	5.12	0	0	0.99	0.99	0	0
simcontig	85200	85712	simcontig:85200	0	-	simcontig	83688	84200	0	SD34	0	N/A	N/A	N/A	N/A	N/A	512	0	0	512	506.88	5.12	0	0	0.99	0.99	0	0
simcontig	86224	86736	simcontig:86224	0	-	simcontig	87736	88248	0	SD35	0	N/A	N/A	N/A	N/A	N/A	512	0	0	512	506.88	5.12	0	0	0.99	0.99	0	0
simcontig	87736	88248	simcontig:87736	0	-	simcontig	86224	86736	0	SD35	0	N/A	N/A	N/A	N/A	N/A	512	0	0	512	506.88	5.12	0	0	0.99	0.99	0	0
simcontig	88760	89272	simcontig:88760	0	-	simcontig	90272	90784	0	SD36	0	N/A	N/A	N/A	N/A	N/A	512	0	0	512	506.88	5.12	0	0	0.99	0.99	0	0
simcontig	90272	90784	simcontig:90272	0	-	simcontig	88760	89272	0	SD36	0	N/A	N/A	N/A	N/A	N/A	512	0	0	512	506.88	5.12	0	0	0.99	0.99	0	0
simcontig	91296	91808	simcontig:91296	0	-	simcontig	92808	93320	0	SD37	0	N/A	N/A	N/A	N/A	N/A	512	0	0	512	506.88	5.12	0	0	0.99	0.99	0	0
simcontig	92808	93320	simcontig:92808	0	-	simcontig	91296	91808	0	SD37	0	N/A	N/A	N/A	N/A	N/A	512	0	0	512	506.88	5.12	0	0	0.99	0.99	0	0
simcontig	93832	94344	simcontig:93832	0	-	simcontig	95344	95856	0	SD38	0	N/A	N/A	N/A	N/A	N/A	512	0	0	512	506.88	5.12	0	0	0.99	0.99	0	0
simcontig	95344	95856	simcontig:95344	0	-	simcontig	93832	94344	0	SD38	0	N/A	N/A	N/A	N/A	N/A	512	0	0	512	506.88	5.12	0	0	0.99	0.99	0	0
simcontig	96368	96880	simcontig:96368	0	-	simcontig	97880	98392	0	SD39	0	N/A	N/A	N/A	N/A	N/A	512	0	0	512	506.88	5.12	0	0	0.99	0.99	0	0
simcontig	97880	98392	simcontig:97880	0	-	simcontig	96368	96880	0	SD39	0	N/A	N/A	N/A	N/A	N/A	512	0	0	512	506.88	5.12	0	0	0.99	0.99	0	0
simcontig	98904	99416	simcontig:98904	0	-	simcontig	100416	100928	0	SD40	0	N/A	N/A	N/A	N/A	N/A	512	0	0	512	506.88	5.12	0	0	0.99	0.99	0	0
simcontig	100416	100928	simcontig:100416	0	-	simcontig	98904	99416	0	SD40	0	N/A	N/A	N/A	N/A	N/A	512	0	0	512	506.88	5.12	0	0	0.99	0.99	0	0
simcontig	101440	101952	simcontig:101440	0	-	simcontig	102952	103464	0	SD41	0	N/A	N/A	N/A	N/A	N/A	512	0	0	512	506.88	5.12	0	0	0.99	0.99	0	0
simcontig	102952	103464	simcontig:102952	0	-	simcontig	101440	101952	0	SD41	0	N/A	N/A	N/A	N/A	N/A	512	0	0	512	506.88	5.12	0	0	0.99	0.99	0	0
simcontig	103976	104488	simcontig:103976	0	-	simcontig	105488	106000	0	SD42	0	N/A	N/A	N/A	N/A	N/A	512	0	0	512	506.88	5.12	0	0	0.99	0.99	0	0
simcontig	105488	106000	simcontig:105488	0	-	simcontig	103976	104488	0	SD42	0	N/A	N/A	N/A	N/A	N/A	512	0	0	512	506.88	5.12	0	0	0.99	0.99	0	0
simcontig	106512	107024	simcontig:106512	0	-	simcontig	108024	108536	0	SD43	0	N/A	N/A	N/A	N/A	N/A	512	0	0	512	506.88	5.12	0	0	0.99	0.99	0	0
simcontig	108024	108536	simcontig:108024	0	-	simcontig	106512	107024	0	SD43	0	N/A	N/A	N/A	N/A	N/A	512	0	0	512	506.88	5.12	0	0	0.99	0.99	0	0
simcontig	109048	109560	simcontig:109048	0	-	simcontig	110560	111072	0	SD44	0	N/A	N/A	N/A	N/A	N/A	512	0	0	512	506.88	5.12	0	0	0.99	0.99	0	0
simcontig	110560	111072	simcontig:110560	0	-	simcontig	109048	109560	0	SD44	0	N/A	N/A	N/A	N/A	N/A	512	0	0	512	506.88	5.12	0	0	0.99	0.99	0	0
simcontig	111584	112096	simcontig:111584	0	-	simcontig	113096	113608	0	SD45	0	N/A	N/A	N/A	N/A	N/A	512	0	0	512	506.88	5.12	0	0	0.99	0.99	0	0
simcontig	113096	113608	simcontig:113096	0	-	simcontig	111584	112096	0	SD45	0	N/A	N/A	N/A	N/A	N/A	512	0	0	512	506.88	5.12	0	0	0.99	0.99	0	0
simcontig	114120	114632	simcontig:114120	0	-	simcontig	115632	116144	0	SD46	0	N/A	N/A	N/A	N/A	N/A	512	0	0	512	506.88	5.12	0	0	0.99	0.99	0	0
simcontig	115632	116144	simcontig:115632	0	-	simcontig	114120	114632	0	SD46	0	N/A	N/A	N/A	N/A	N/A	512	0	0	512	506.88	5.12	0	0	0.99	0.99	0	0
simcontig	116656	117168	simcontig:116656	0	-	simcontig	118168	118680	0	SD47	0	N/A	N/A	N/A	N/A	N/A	512	0	0	512	506.88	5.12	0	0	0.99	0.99	0	0
simcontig	118168	118680	simcontig:118168	0	-	simcontig	116656	117168	0	SD47	0	N/A	N/A	N/A	N/A	N/A	512	0	0	512	506.88	5.12	0	0	0.99	0.99	0	0
simcontig	119192	119704	simcontig:119192	0	-	simcontig	120704	121216	0	SD48	0	N/A	N/A	N/A	N/A	N/A	512	0	0	512	506.88	5.12	0	0	0.99	0.99	0	0
simcontig	120704	121216	simcontig:120704	0	-	simcontig	119192	119704	0	SD48	0	N/A	N/A	N/A	N/A	N/A	512	0	0	512	506.88	5.12	0	0	0.99	0.99	0	0
simcontig	121728	122240	simcontig:121728	0	-	simcontig	123240	123752	0	SD49	0	N/A	N/A	N/A	N/A	N/A	512	0	0	512	506.88	5.12	0	0	0.99	0.99	0	0
simcontig	123240	123752	simcontig:123240	0	-	simcontig	121728	122240	0	SD49	0	N/A	N/A	N/A	N/A	N/A	512	0	0	512	506.88	5.12	0	0	0.99	0.99	0	0
simcontig	124264	124776	simcontig:124264	0	-	simcontig	125776	126288	0	SD50	0	N/A	N/A	N/A	N/A	N/A	512	0	0	512	506.88	5.12	0	0	0.99	0.99	0	0
simcontig	125776	126288	simcontig:125776	0	-	simcontig	124264	124776	0	SD50	0	N/A	N/A	N/A	N/A	N/A	512	0	0	512	506.88	5.12	0	0	0.99	0.99	0	0
simcontig	126800	127312	simcontig:126800	0	-	simcontig	128312	128824	0	SD51	0	N/A	N/A	N/A	N/A	N/A	512	0	0	512	506.88	5.12	0	0	0.99	0.99	0	0
simcontig	128312	128824	simcontig:128312	0	-	simcontig	126800	127312	0	SD51	0	N/A	N/A	N/A	N/A	N/A	512	0	0	512	506.88	5.12	0	0	0.99	0.99	0	0
simcontig	129336	129848	simcontig:129336	0	-	simcontig	130848	131360	0	SD52	0	N/A	N/A	N/A	N/A	N/A	512	0	0	512	506.88	5.12	0	0	0.99	0.99	0	0
simcontig	130848	131360	simcontig:130848	0	-	simcontig	129336	129848	0	SD52	0	N/A	N/A	N/A	N/A	N/A	512	0	0	512	506.88	5.12	0	0	0.99	0.99	0	0
simcontig	131872	132384	simcontig:131872	0	-	simcontig	133384	133896	0	SD53	0	N/A	N/A	N/A	N/A	N/A	512	0	0	512	506.88	5.12	0	0	0.99	0.99	0	0
simcontig	133384	133896	simcontig:133384	0	-	simcontig	131872	132384	0	SD53	0	N/A	N/A	N/A	N/A	N/A	512	0	0	512	506.88	5.12	0	0	0.99	0.99	0	0
simcontig	134408	134920	simcontig:134408	0	-	simcontig	135920	136432	0	SD54	0	N/A	N/A	N/A	N/A	N/A	512	0	0	512	506.88	5.12	0	0	0.99	0.99	0	0
simcontig	135920	136432	simcontig:135920	0	-	simcontig	134408	134920	0	SD54	0	N/A	N/A	N/A	N/A	N/A	512	0	0	512	506.88	5.12	0	0	0.99	0.99	0	0
simcontig	136944	137456	simcontig:136944	0	-	simcontig	138456	138968	0	SD55	0	N/A	N/A	N/A	N/A	N/A	512	0	0	512	506.88	5.12	0	0	0.99	0.99	0	0
simcontig	138456	138968	simcontig:138456	0	-	simcontig	136944	137456	0	SD55	0	N/A	N/A	N/A	N/A	N/A	512	0	0	512	506.88	5.12	0	0	0.99	0.99	0	0
simcontig	139480	139992	simcontig:139480	0	-	simcontig	140992	141504	0	SD56	0	N/A	N/A	N/A	N/A	N/A	512	0	0	512	506.88	5.12	0	0	0.99	0.99	0	0
simcontig	140992	141504	simcontig:140992	0	-	simcontig	139480	139992	0	SD56	0	N/A	N/A	N/A	N/A	N/A	512	0	0	512	506.88	5.12	0	0	0.99	0.99	0	0
simcontig	142016	142528	simcontig:142016	0	-	simcontig	143528	144040	0	SD57	0	N/A	N/A	N/A	N/A	N/A	512	0	0	512	506.88	5.12	0	0	0.99	0.99	0	0
simcontig	143528	144040	simcontig:143528	0	-	simcontig	142016	142528	0	SD57	0	N/A	N/A	N/A	N/A	N/A	512	0	0	512	506.88	5.12	0	0	0.99	0.99	0	0
simcontig	144552	145064	simcontig:144552	0	-	simcontig	146064	146576	0	SD58	0	N/A	N/A	N/A	N/A	N/A	512	0	0	512	506.88	5.12	0	0	0.99	0.99	0	0
simcontig	146064	146576	simcontig:146064	0	-	simcontig	144552	145064	0	SD58	0	N/A	N/A	N/A	N/A	N/A	512	0	0	512	506.88	5.12	0	0	0.99	0.99	0	0
simcontig	147088	147600	simcontig:147088	0	-	simcontig	148600	149112	0	SD59	0	N/A	N/A	N/A	N/A	N/A	512	0	0	512	506.88	5.12	0	0	0.99	0.99	0	0
simcontig	148600	149112	simcontig:148600	0	-	simcontig	147088	147600	0	SD59	0	N/A	N/A	N/A	N/A	N/A	512	0	0	512	506.88	5.12	0	0	0.99	0.99	0	0
simcontig	149624	150136	simcontig:149624	0	-	simcontig	151136	151648	0	SD60	0	N/A	N/A	N/A	N/A	N/A	512	0	0	512	506.88	5.12	0	0	0.99	0.99	0	0
simcontig	151136	151648	simcontig:151136	0	-	simcontig	149624	150136	0	SD60	0	N/A	N/A	N/A	N/A	N/A	512	0	0	512	506.88	5.12	0	0	0.99	0.99	0	0
simcontig	152160	152672	simcontig:152160	0	-	simcontig	153672	154184	0	SD61	0	N/A	N/A	N/A	N/A	N/A	512	0	0	512	506.88	5.12	0	0	0.99	0.99	0	0
simcontig	153672	154184	simcontig:153672	0	-	simcontig	152160	152672	0	SD61	0	N/A	N/A	N/A	N/A	N/A	512	0	0	512	506.88	5.12	0	0	0.99	0.99	0	0
simcontig	154696	155208	simcontig:154696	0	-	simcontig	156208	156720	0	SD62	0	N/A	N/A	N/A	N/A	N/A	512	0	0	512	506.88	5.12	0	0	0.99	0.99	0	0
simcontig	156208	156720	simcontig:156208	0	-	simcontig	154696	155208	0	SD62	0	N/A	N/A	N/A	N/A	N/A	512	0	0	512	506.88	5.12	0	0	0.99	0.99	0	0
simcontig	157232	157744	simcontig:157232	0	-	simcontig	158744	159256	0	SD63	0	N/A	N/A	N/A	N/A	N/A	512	0	0	512	506.88	5.12	0	0	0.99	0.99	0	0
simcontig	158744	159256	simcontig:158744	0	-	simcontig	157232	157744	0	SD63	0	N/A	N/A	N/A	N/A	N/A	512	0	0	512	506.88	5.12	0	0	0.99	0.99	0	0
simcontig	159768	160280	simcontig:159768	0	-	simcontig	161280	161792	0	SD64	0	N/A	N/A	N/A	N/A	N/A	512	0	0	512	506.88	5.12	0	0	0.99	0.99	0	0
simcontig	161280	161792	simcontig:161280	0	-	simcontig	159768	160280	0	SD64	0	N/A	N/A	N/A	N/A	N/A	512	0	0	512	506.88	5.12	0	0	0.99	0.99	0	0
simcontig	162304	162816	simcontig:162304	0	-	simcontig	163816	164328	0	SD65	0	N/A	N/A	N/A	N/A	N/A	512	0	0	512	506.88	5.12	0	0	0.99	0.99	0	0
simcontig	163816	164328	simcontig:163816	0	-	simcontig	162304	162816	0	SD65	0	N/A	N/A	N/A	N/A	N/A	512	0	0	512	506.88	5.12	0	0	0.99	0.99	0	0
simcontig	164840	165352	simcontig:164840	0	-	simcontig	166352	166864	0	SD66	0	N/A	N/A	N/A	N/A	N/A	512	0	0	512	506.88	5.12	0	0	0.99	0.99	0	0
simcontig	166352	166864	simcontig:166352	0	-	simcontig	164840	165352	0	SD66	0	N/A	N/A	N/A	N/A	N/A	512	0	0	512	506.88	5.12	0	0	0.99	0.99	0	0
simcontig	167376	167888	simcontig:167376	0	-	simcontig	168888	169400	0	SD67	0	N/A	N/A	N/A	N/A	N/A	512	0	0	512	506.88	5.12	0	0	0.99	0.99	0	0
simcontig	168888	169400	simcontig:168888	0	-	simcontig	167376	167888	0	SD67	0	N/A	N/A	N/A	N/A	N/A	512	0	0	512	506.88	5.12	0	0	0.99	0.99	0	0
simcontig	169912	170424	simcontig:169912	0	-	simcontig	171424	171936	0	SD68	0	N/A	N/A	N/A	N/A	N/A	512	0	0	512	506.88	5.12	0	0	0.99	0.99	0	0
simcontig	171424	171936	simcontig:171424	0	-	simcontig	169912	170424	0	SD68	0	N/A	N/A	N/A	N/A	N/A	512	0	0	512	506.88	5.12	0	0	0.99	0.99	0	0
simcontig	172448	172960	simcontig:172448	0	-	simcontig	173960	174472	0	SD69	0	N/A	N/A	N/A	N/A	N/A	512	0	0	512	506.88	5.12	0	0	0.99	0.99	0	0
simcontig	173960	174472	simcontig:173960	0	-	simcontig	172448	172960	0	SD69	0	N/A	N/A	N/A	N/A	N/A	512	0	0	512	506.88	5.12	0	0	0.99	0.99	0	0
simcontig	174984	175496	simcontig:174984	0	-	simcontig	176496	177008	0	SD70	0	N/A	N/A	N/A	N/A	N/A	512	0	0	512	506.88	5.12	0	0	0.99	0.99	0	0
simcontig	176496	177008	simcontig:176496	0	-	simcontig	174984	175496	0	SD70	0	N/A	N/A	N/A	N/A	N/A	512	0	0	512	506.88	5.12	0	0	0.99	0.99	0	0
simcontig	177520	178032	simcontig:177520	0	-	simcontig	179032	179544	0	SD71	0	N/A	N/A	N/A	N/A	N/A	512	0	0	512	506.88	5.12	0	0	0.99	0.99	0	0
simcontig	179032	179544	simcontig:179032	0	-	simcontig	177520	178032	0	SD71	0	N/A	N/A	N/A	N/A	N/A	512	0	0	512	506.88	5.12	0	0	0.99	0.99	0	0
simcontig	180056	180568	simcontig:180056	0	-	simcontig	181568	182080	0	SD72	0	N/A	N/A	N/A	N/A	N/A	512	0	0	512	506.88	5.12	0	0	0.99	0.99	0	0
simcontig	181568	182080	simcontig:181568	0	-	simcontig	180056	180568	0	SD72	0	N/A	N/A	N/A	N/A	N/A	512	0	0	512	506.88	5.12	0	0	0.99	0.99	0	0
simcontig	182592	183104	simcontig:182592	0	-	simcontig	184104	184616	0	SD73	0	N/A	N/A	N/A	N/A	N/A	512	0	0	512	506.88	5.12	0	0	0.99	0.99	0	0
simcontig	184104	184616	simcontig:184104	0	-	simcontig	182592	183104	0	SD73	0	N/A	N/A	N/A	N/A	N/A	512	0	0	512	506.88	5.12	0	0	0.99	0.99	0	0
simcontig	185128	185640	simcontig:185128	0	-	simcontig	186640	187152	0	SD74	0	N/A	N/A	N/A	N/A	N/A	512	0	0	512	506.88	5.12	0	0	0.99	0.99	0	0
simcontig	186640	187152	simcontig:186640	0	-	simcontig	185128	185640	0	SD74	0	N/A	N/A	N/A	N/A	N/A	512	0	0	512	506.88	5.12	0	0	0.99	0.99	0	0
simcontig	187664	188176	simcontig:187664	0	-	simcontig	189176	189688	0	SD75	0	N/A	N/A	N/A	N/A	N/A	512	0	0	512	506.88	5.12	0	0	0.99	0.99	0	0
simcontig	189176	189688	simcontig:189176	0	-	simcontig	187664	188176	0	SD75	0	N/A	N/A	N/A	N/A	N/A	512	0	0	512	506.88	5.12	0	0	0.99	0.99	0	0
simcontig	190200	190712	simcontig:190200	0	-	simcontig	191712	192224	0	SD76	0	N/A	N/A	N/A	N/A	N/A	512	0	0	512	506.88	5.12	0	0	0.99	0.99	0	0
simcontig	191712	192224	simcontig:191712	0	-	simcontig	190200	190712	0	SD76	0	N/A	N/A	N/A	N/A	N/A	512	0	0	512	506.88	5.12	0	0	0.99	0.99	0	0
simcontig	192736	193248	simcontig:192736	0	-	simcontig	194248	194760	0	SD77	0	N/A	N/A	N/A	N/A	N/A	512	0	0	512	506.88	5.12	0	0	0.99	0.99	0	0
simcontig	194248	194760	simcontig:194248	0	-	simcontig	192736	193248	0	SD77	0	N/A	N/A	N/A	N/A	N/A	512	0	0	512	506.88	5.12	0	0	0.99	0.99	0	0
simcontig	195272	195784	simcontig:195272	0	-	simcontig	196784	197296	0	SD78	0	N/A	N/A	N/A	N/A	N/A	512	0	0	512	506.88	5.12	0	0	0.99	0.99	0	0
simcontig	196784	197296	simcontig:196784	0	-	simcontig	195272	195784	0	SD78	0	N/A	N/A	N/A	N/A	N/A	512	0	0	512	506.88	5.12	0	0	0.99	0.99	0	0
simcontig	197808	198320	simcontig:197808	0	-	simcontig	199320	199832	0	SD79	0	N/A	N/A	N/A	N/A	N/A	512	0	0	512	506.88	5.12	0	0	0.99	0.99	0	0
simcontig	199320	199832	simcontig:199320	0	-	simcontig	197808	198320	0	SD79	0	N/A	N/A	N/A	N/A	N/A	512	0	0	512	506.88	5.12	0	0	0.99	0.99	0	0
simcontig	200344	200856	simcontig:200344	0	-	simcontig	201856	202368	0	SD80	0	N/A	N/A	N/A	N/A	N/A	512	0	0	512	506.88	5.12	0	0	0.99	0.99	0	0
simcontig	201856	202368	simcontig:201856	0	-	simcontig	200344	200856	0	SD80	0	N/A	N/A	N/A	N/A	N/A	512	0	0	512	506.88	5.12	0	0	0.99	0.99	0	0
simcontig	202880	203392	simcontig:202880	0	-	simcontig	204392	204904	0	SD81	0	N/A	N/A	N/A	N/A	N/A	512	0	0	512	506.88	5.12	0	0	0.99	0.99	0	0
simcontig	204392	204904	simcontig:204392	0	-	simcontig	202880	203392	0	SD81	0	N/A	N/A	N/A	N/A	N/A	512	0	0	512	506.88	5.12	0	0	0.99	0.99	0	0
simcontig	205416	205928	simcontig:205416	0	-	simcontig	206928	207440	0	SD82	0	N/A	N/A	N/A	N/A	N/A	512	0	0	512	506.88	5.12	0	0	0.99	0.99	0	0
simcontig	206928	207440	simcontig:206928	0	-	simcontig	205416	205928	0	SD82	0	N/A	N/A	N/A	N/A	N/A	512	0	0	512	506.88	5.12	0	0	0.99	0.99	0	0
simcontig	207952	208464	simcontig:207952	0	-	simcontig	209464	209976	0	SD83	0	N/A	N/A	N/A	N/A	N/A	512	0	0	512	506.88	5.12	0	0	0.99	0.99	0	0
simcontig	209464	209976	simcontig:209464	0	-	simcontig	207952	208464	0	SD83	0	N/A	N/A	N/A	N/A	N/A	512	0	0	512	506.88	5.12	0	0	0.99	0.99	0	0
simcontig	210488	211000	simcontig:210488	0	-	simcontig	212000	212512	0	SD84	0	N/A	N/A	N/A	N/A	N/A	512	0	0	512	506.88	5.12	0	0	0.99	0.99	0	0
simcontig	212000	212512	simcontig:212000	0	-	simcontig	210488	211000	0	SD84	0	N/A	N/A	N/A	N/A	N/A	512	0	0	512	506.88	5.12	0	0	0.99	0.99	0	0
simcontig	213024	213536	simcontig:213024	0	-	simcontig	214536	215048	0	SD85	0	N/A	N/A	N/A	N/A	N/A	512	0	0	512	506.88	5.12	0	0	0.99	0.99	0	0
simcontig	214536	215048	simcontig:214536	0	-	simcontig	213024	213536	0	SD85	0	N/A	N/A	N/A	N/A	N/A	512	0	0	512	506.88	5.12	0	0	0.99	0.99	0	0
simcontig	215560	216072	simcontig:215560	0	-	simcontig	217072	217584	0	SD86	0	N/A	N/A	N/A	N/A	N/A	512	0	0	512	506.88	5.12	0	0	0.99	0.99	0	0
simcontig	217072	217584	simcontig:217072	0	-	simcontig	215560	216072	0	SD86	0	N/A	N/A	N/A	N/A	N/A	512	0	0	512	506.88	5.12	0	0	0.99	0.99	0	0
simcontig	218096	218608	simcontig:218096	0	-	simcontig	219608	220120	0	SD87	0	N/A	N/A	N/A	N/A	N/A	512	0	0	512	506.88	5.12	0	0	0.99	0.99	0	0
simcontig	219608	220120	simcontig:219608	0	-	simcontig	218096	218608	0	SD87	0	N/A	N/A	N/A	N/A	N/A	512	0	0	512	506.88	5.12	0	0	0.99	0.99	0	0
simcontig	220632	221144	simcontig:220632	0	-	simcontig	222144	222656	0	SD88	0	N/A	N/A	N/A	N/A	N/A	512	0	0	512	506.88	5.12	0	0	0.99	0.99	0	0
simcontig	222144	222656	simcontig:222144	0	-	simcontig	220632	221144	0	SD88	0	N/A	N/A	N/A	N/A	N/A	512	0	0	512	506.88	5.12	0	0	0.99	0.99	0	0
simcontig	223168	223680	simcontig:223168	0	-	simcontig	224680	225192	0	SD89	0	N/A	N/A	N/A	N/A	N/A	512	0	0	512	506.88	5.12	0	0	0.99	0.99	0	0
simcontig	224680	225192	simcontig:224680	0	-	simcontig	223168	223680	0	SD89	0	N/A	N/A	N/A	N/A	N/A	512	0	0	512	506.88	5.12	0	0	0.99	0.99	0	0
simcontig	225704	226216	simcontig:225704	0	-	simcontig	227216	227728	0	SD90	0	N/A	N/A	N/A	N/A	N/A	512	0	0	512	506.88	5.12	0	0	0.99	0.99	0	0
simcontig	227216	227728	simcontig:227216	0	-	simcontig	225704	226216	0	SD90	0	N/A	N/A	N/A	N/A	N/A	512	0	0	512	506.88	5.12	0	0	0.99	0.99	0	0
simcontig	228240	228752	simcontig:228240	0	-	simcontig	229752	230264	0	SD91	0	N/A	N/A	N/A	N/A	N/A	512	0	0	512	506.88	5.12	0	0	0.99	0.99	0	0
simcontig	229752	230264	simcontig:229752	0	-	simcontig	228240	228752	0	SD91	0	N/A	N/A	N/A	N/A	N/A	512	0	0	512	506.88	5.12	0	0	0.99	0.99	0	0
simcontig	230776	231288	simcontig:230776	0	-	simcontig	232288	232800	0	SD92	0	N/A	N/A	N/A	N/A	N/A	512	0	0	512	506.88	5.12	0	0	0.99	0.99	0	0
simcontig	232288	232800	simcontig:232288	0	-	simcontig	230776	231288	0	SD92	0	N/A	N/A	N/A	N/A	N/A	512	0	0	512	506.88	5.12	0	0	0.99	0.99	0	0
simcontig	233312	233824	simcontig:233312	0	-	simcontig	234824	235336	0	SD93	0	N/A	N/A	N/A	N/A	N/A	512	0	0	512	506.88	5.12	0	0	0.99	0.99	0	0
simcontig	234824	235336	simcontig:234824	0	-	simcontig	233312	233824	0	SD93	0	N/A	N/A	N/A	N/A	N/A	512	0	0	512	506.88	5.12	0	0	0.99	0.99	0	0
simcontig	235848	236360	simcontig:235848	0	-	simcontig	237360	237872	0	SD94	0	N/A	N/A	N/A	N/A	N/A	512	0	0	512	506.88	5.12	0	0	0.99	0.99	0	0
simcontig	237360	237872	simcontig:237360	0	-	simcontig	235848	236360	0	SD94	0	N/A	N/A	N/A	N/A	N/A	512	0	0	512	506.88	5.12	0	0	0.99	0.99	0	0
simcontig	238384	238896	simcontig:238384	0	-	simcontig	239896	240408	0	SD95	0	N/A	N/A	N/A	N/A	N/A	512	0	0	512	506.88	5.12	0	0	0.99	0.99	0	0
simcontig	239896	240408	simcontig:239896	0	-	simcontig	238384	238896	0	SD95	0	N/A	N/A	N/A	N/A	N/A	512	0	0	512	506.88	5.12	0	0	0.99	0.99	0	0
simcontig	240920	241432	simcontig:240920	0	-	simcontig	242432	242944	0	SD96	0	N/A	N/A	N/A	N/A	N/A	512	0	0	512	506.88	5.12	0	0	0.99	0.99	0	0
simcontig	242432	242944	simcontig:242432	0	-	simcontig	240920	241432	0	SD96	0	N/A	N/A	N/A	N/A	N/A	512	0	0	512	506.88	5.12	0	0	0.99	0.99	0	0
simcontig	243456	243968	simcontig:243456	0	-	simcontig	244968	245480	0	SD97	0	N/A	N/A	N/A	N/A	N/A	512	0	0	512	506.88	5.12	0	0	0.99	0.99	0	0
simcontig	244968	245480	simcontig:244968	0	-	simcontig	243456	243968	0	SD97	0	N/A	N/A	N/A	N/A	N/A	512	0	0	512	506.88	5.12	0	0	0.99	0.99	0	0
simcontig	245992	246504	simcontig:245992	0	-	simcontig	247504	248016	0	SD98	0	N/A	N/A	N/A	N/A	N/A	512	0	0	512	506.88	5.12	0	0	0.99	0.99	0	0
simcontig	247504	248016	simcontig:247504	0	-	simcontig	245992	246504	0	SD98	0	N/A	N/A	N/A	N/A	N/A	512	0	0	512	506.88	5.12	0	0	0.99	0.99	0	0
simcontig	248528	249040	simcontig:248528	0	-	simcontig	250040	250552	0	SD99	0	N/A	N/A	N/A	N/A	N/A	512	0	0	512	506.88	5.12	0	0	0.99	0.99	0	0
simcontig	250040	250552	simcontig:250040	0	-	simcontig	248528	249040	0	SD99	0	N/A	N/A	N/A	N/A	N/A	512	0	0	512	506.88	5.12	0	0	0.99	0.99	0	0
simcontig	251064	251576	simcontig:251064	0	-	simcontig	252576	253088	0	SD100	0	N/A	N/A	N/A	N/A	N/A	512	0	0	512	506.88	5.12	0	0	0.99	0.99	0	0
simcontig	252576	253088	simcontig:252576	0	-	simcontig	251064	251576	0	SD100	0	N/A	N/A	N/A	N/A	N/A	512	0	0	512	506.88	5.12	0	0	0.99	0.99	0	0
simcontig	253600	254112	simcontig:253600	0	-	simcontig	255112	255624	0	SD101	0	N/A	N/A	N/A	N/A	N/A	512	0	0	512	506.88	5.12	0	0	0.99	0.99	0	0
simcontig	255112	255624	simcontig:255112	0	-	simcontig	253600	254112	0	SD101	0	N/A	N/A	N/A	N/A	N/A	512	0	0	512	506.88	5.12	0	0	0.99	0.99	0	0
simcontig	256136	256648	simcontig:256136	0	-	simcontig	257648	258160	0	SD102	0	N/A	N/A	N/A	N/A	N/A	512	0	0	512	506.88	5.12	0	0	0.99	0.99	0	0
simcontig	257648	258160	simcontig:257648	0	-	simcontig	256136	256648	0	SD102	0	N/A	N/A	N/A	N/A	N/A	512	0	0	512	506.88	5.12	0	0	0.99	0.99	0	0
simcontig	258672	259184	simcontig:258672	0	-	simcontig	260184	260696	0	SD103	0	N/A	N/A	N/A	N/A	N/A	512	0	0	512	506.88	5.12	0	0	0.99	0.99	0	0
simcontig	260184	260696	simcontig:260184	0	-	simcontig	258672	259184	0	SD103	0	N/A	N/A	N/A	N/A	N/A	512	0	0	512	506.88	5.12	0	0	0.99	0.99	0	0
simcontig	261208	261720	simcontig:261208	0	-	simcontig	262720	263232	0	SD104	0	N/A	N/A	N/A	N/A	N/A	512	0	0	512	506.88	5.12	0	0	0.99	0.99	0	0
simcontig	262720	263232	simcontig:262720	0	-	simcontig	261208	261720	0	SD104	0	N/A	N/A	N/A	N/A	N/A	512	0	0	512	506.88	5.12	0	0	0.99	0.99	0	0
simcontig	263744	264256	simcontig:263744	0	-	simcontig	265256	265768	0	SD105	0	N/A	N/A	N/A	N/A	N/A	512	0	0	512	506.88	5.12	0	0	0.99	0.99	0	0
simcontig	265256	265768	simcontig:265256	0	-	simcontig	263744	264256	0	SD105	0	N/A	N/A	N/A	N/A	N/A	512	0	0	512	506.88	5.12	0	0	0.99	0.99	0	0
simcontig	266280	266792	simcontig:266280	0	-	simcontig	267792	268304	0	SD106	0	N/A	N/A	N/A	N/A	N/A	512	0	0	512	506.88	5.12	0	0	0.99	0.99	0	0
simcontig	267792	268304	simcontig:267792	0	-	simcontig	266280	266792	0	SD106	0	N/A	N/A	N/A	N/A	N/A	512	0	0	512	506.88	5.12	0	0	0.99	0.99	0	0
simcontig	268816	269328	simcontig:268816	0	-	simcontig	270328	270840	0	SD107	0	N/A	N/A	N/A	N/A	N/A	512	0	0	512	506.88	5.12	0	0	0.99	0.99	0	0
simcontig	270328	270840	simcontig:270328	0	-	simcontig	268816	269328	0	SD107	0	N/A	N/A	N/A	N/A	N/A	512	0	0	512	506.88	5.12	0	0	0.99	0.99	0	0
simcontig	271352	271864	simcontig:271352	0	-	simcontig	272864	273376	0	SD108	0	N/A	N/A	N/A	N/A	N/A	512	0	0	512	506.88	5.12	0	0	0.99	0.99	0	0
simcontig	272864	273376	simcontig:272864	0	-	simcontig	271352	271864	0	SD108	0	N/A	N/A	N/A	N/A	N/A	512	0	0	512	506.88	5.12	0	0	0.99	0.99	0	0
simcontig	273888	274400	simcontig:273888	0	-	simcontig	275400	275912	0	SD109	0	N/A	N/A	N/A	N/A	N/A	512	0	0	512	506.88	5.12	0	0	0.99	0.99	0	0
simcontig	275400	275912	simcontig:275400	0	-	simcontig	273888	274400	0	SD109	0	N/A	N/A	N/A	N/A	N/A	512	0	0	512	506.88	5.12	0	0	0.99	0.99	0	0
simcontig	276424	276936	simcontig:276424	0	-	simcontig	277936	278448	0	SD110	0	N/A	N/A	N/A	N/A	N/A	512	0	0	512	506.88	5.12	0	0	0.99	0.99	0	0
simcontig	277936	278448	simcontig:277936	0	-	simcontig	276424	276936	0	SD110	0	N/A	N/A	N/A	N/A	N/A	512	0	0	512	506.88	5.12	0	0	0.99	0.99	0	0
simcontig	278960	279472	simcontig:278960	0	-	simcontig	280472	280984	0	SD111	0	N/A	N/A	N/A	N/A	N/A	512	0	0	512	506.88	5.12	0	0	0.99	0.99	0	0
simcontig	280472	280984	simcontig:280472	0	-	simcontig	278960	279472	0	SD111	0	N/A	N/A	N/A	N/A	N/A	512	0	0	512	506.88	5.12	0	0	0.99	0.99	0	0
simcontig	281496	282008	simcontig:281496	0	-	simcontig	283008	283520	0	SD112	0	N/A	N/A	N/A	N/A	N/A	512	0	0	512	506.88	5.12	0	0	0.99	0.99	0	0
simcontig	283008	283520	simcontig:283008	0	-	simcontig	281496	282008	0	SD112	0	N/A	N/A	N/A	N/A	N/A	512	0	0	512	506.88	5.12	0	0	0.99	0.99	0	0
simcontig	284032	284544	simcontig:284032	0	-	simcontig	285544	286056	0	SD113	0	N/A	N/A	N/A	N/A	N/A	512	0	0	512	506.88	5.12	0	0	0.99	0.99	0	0
simcontig	285544	286056	simcontig:285544	0	-	simcontig	284032	284544	0	SD113	0	N/A	N/A	N/A	N/A	N/A	512	0	0	512	506.88	5.12	0	0	0.99	0.99	0	0
simcontig	286568	287080	simcontig:286568	0	-	simcontig	288080	288592	0	SD114	0	N/A	N/A	N/A	N/A	N/A	512	0	0	512	506.88	5.12	0	0	0.99	0.99	0	0
simcontig	288080	288592	simcontig:288080	0	-	simcontig	286568	287080	0	SD114	0	N/A	N/A	N/A	N/A	N/A	512	0	0	512	506.88	5.12	0	0	0.99	0.99	0	0
simcontig	289104	289616	simcontig:289104	0	-	simcontig	290616	291128	0	SD115	0	N/A	N/A	N/A	N/A	N/A	512	0	0	512	506.88	5.12	0	0	0.99	0.99	0	0
simcontig	290616	291128	simcontig:290616	0	-	simcontig	289104	289616	0	SD115	0	N/A	N/A	N/A	N/A	N/A	512	0	0	512	506.88	5.12	0	0	0.99	0.99	0	0
simcontig	291640	292152	simcontig:291640	0	-	simcontig	293152	293664	0	SD116	0	N/A	N/A	N/A	N/A	N/A	512	0	0	512	506.88	5.12	0	0	0.99	0.99	0	0
simcontig	293152	293664	simcontig:293152	0	-	simcontig	291640	292152	0	SD116	0	N/A	N/A	N/A	N/A	N/A	512	0	0	512	506.88	5.12	0	0	0.99	0.99	0	0
simcontig	294176	294688	simcontig:294176	0	-	simcontig	295688	296200	0	SD117	0	N/A	N/A	N/A	N/A	N/A	512	0	0	512	506.88	5.12	0	0	0.99	0.99	0	0
simcontig	295688	296200	simcontig:295688	0	-	simcontig	294176	294688	0	SD117	0	N/A	N/A	N/A	N/A	N/A	512	0	0	512	506.88	5.12	0	0	0.99	0.99	0	0
simcontig	296712	297224	simcontig:296712	0	-	simcontig	298224	298736	0	SD118	0	N/A	N/A	N/A	N/A	N/A	512	0	0	512	506.88	5.12	0	0	0.99	0.99	0	0
simcontig	298224	298736	simcontig:298224	0	-	simcontig	296712	297224	0	SD118	0	N/A	N/A	N/A	N/A	N/A	512	0	0	512	506.88	5.12	0	0	0.99	0.99	0	0
simcontig	299248	299760	simcontig:299248	0	-	simcontig	300760	301272	0	SD119	0	N/A	N/A	N/A	N/A	N/A	512	0	0	512	506.88	5.12	0	0	0.99	0.99	0	0
simcontig	300760	301272	simcontig:300760	0	-	simcontig	299248	299760	0	SD119	0	N/A	N/A	N/A	N/A	N/A	512	0	0	512	506.88	5.12	0	0	0.99	0.99	0	0
simcontig	301784	302296	simcontig:301784	0	-	simcontig	303296	303808	0	SD120	0	N/A	N/A	N/A	N/A	N/A	512	0	0	512	506.88	5.12	0	0	0.99	0.99	0	0
simcontig	303296	303808	simcontig:303296	0	-	simcontig	301784	302296	0	SD120	0	N/A	N/A	N/A	N/A	N/A	512	0	0	512	506.88	5.12	0	0	0.99	0.99	0	0
simcontig	304320	304832	simcontig:304320	0	-	simcontig	305832	306344	0	SD121	0	N/A	N/A	N/A	N/A	N/A	512	0	0	512	506.88	5.12	0	0	0.99	0.99	0	0
simcontig	305832	306344	simcontig:305832	0	-	simcontig	304320	304832	0	SD121	0	N/A	N/A	N/A	N/A	N/A	512	0	0	512	506.88	5.12	0	0	0.99	0.99	0	0
simcontig	306856	307368	simcontig:306856	0	-	simcontig	308368	308880	0	SD122	0	N/A	N/A	N/A	N/A	N/A	512	0	0	512	506.88	5.12	0	0	0.99	0.99	0	0
simcontig	308368	308880	simcontig:308368	0	-	simcontig	306856	307368	0	SD122	0	N/A	N/A	N/A	N/A	N/A	512	0	0	512	506.88	5.12	0	0	0.99	0.99	0	0
simcontig	309392	309904	simcontig:309392	0	-	simcontig	310904	311416	0	SD123	0	N/A	N/A	N/A	N/A	N/A	512	0	0	512	506.88	5.12	0	0	0.99	0.99	0	0
simcontig	310904	311416	simcontig:310904	0	-	simcontig	309392	309904	0	SD123	0	N/A	N/A	N/A	N/A	N/A	512	0	0	512	506.88	5.12	0	0	0.99	0.99	0	0
simcontig	311928	312440	simcontig:311928	0	-	simcontig	313440	313952	0	SD124	0	N/A	N/A	N/A	N/A	N/A	512	0	0	512	506.88	5.12	0	0	0.99	0.99	0	0
simcontig	313440	313952	simcontig:313440	0	-	simcontig	311928	312440	0	SD124	0	N/A	N/A	N/A	N/A	N/A	512	0	0	512	506.88	5.12	0	0	0.99	0.99	0	0
simcontig	314464	314976	simcontig:314464	0	-	simcontig	315976	316488	0	SD125	0	N/A	N/A	N/A	N/A	N/A	512	0	0	512	506.88	5.12	0	0	0.99	0.99	0	0
simcontig	315976	316488	simcontig:315976	0	-	simcontig	314464	314976	0	SD125	0	N/A	N/A	N/A	N/A	N/A	512	0	0	512	506.88	5.12	0	0	0.99	0.99	0	0
simcontig	317000	317512	simcontig:317000	0	-	simcontig	318512	319024	0	SD126	0	N/A	N/A	N/A	N/A	N/A	512	0	0	512	506.88	5.12	0	0	0.99	0.99	0	0
simcontig	318512	319024	simcontig:318512	0	-	simcontig	317000	317512	0	SD126	0	N/A	N/A	N/A	N/A	N/A	512	0	0	512	506.88	5.12	0	0	0.99	0.99	0	0
simcontig	319536	320048	simcontig:319536	0	-	simcontig	321048	321560	0	SD127	0	N/A	N/A	N/A	N/A	N/A	512	0	0	512	506.88	5.12	0	0	0.99	0.99	0	0
simcontig	321048	321560	simcontig:321048	0	-	simcontig	319536	320048	0	SD127	0	N/A	N/A	N/A	N/A	N/A	512	0	0	512	506.88	5.12	0	0	0.99	0.99	0	0
simcontig	322072	322584	simcontig:322072	0	-	simcontig	323584	324096	0	SD128	0	N/A	N/A	N/A	N/A	N/A	512	0	0	512	506.88	5.12	0	0	0.99	0.99	0	0
simcontig	323584	324096	simcontig:323584	0	-	simcontig	322072	322584	0	SD128	0	N/A	N/A	N/A	N/A	N/A	512	0	0	512	506.88	5.12	0	0	0.99	0.99	0	0
simcontig	324608	325120	simcontig:324608	0	-	simcontig	326120	326632	0	SD129	0	N/A	N/A	N/A	N/A	N/A	512	0	0	512	506.88	5.12	0	0	0.99	0.99	0	0
simcontig	326120	326632	simcontig:326120	0	-	simcontig	324608	325120	0	SD129	0	N/A	N/A	N/A	N/A	N/A	512	0	0	512	506.88	5.12	0	0	0.99	0.99	0	0
simcontig	327144	327656	simcontig:327144	0	-	simcontig	328656	329168	0	SD130	0	N/A	N/A	N/A	N/A	N/A	512	0	0	512	506.88	5.12	0	0	0.99	0.99	0	0
simcontig	328656	329168	simcontig:328656	0	-	simcontig	327144	327656	0	SD130	0	N/A	N/A	N/A	N/A	N/A	512	0	0	512	506.88	5.12	0	0	0.99	0.99	0	0
simcontig	329680	330192	simcontig:329680	0	-	simcontig	331192	331704	0	SD131	0	N/A	N/A	N/A	N/A	N/A	512	0	0	512	506.88	5.12	0	0	0.99	0.99	0	0
simcontig	331192	331704	simcontig:331192	0	-	simcontig	329680	330192	0	SD131	0	N/A	N/A	N/A	N/A	N/A	512	0	0	512	506.88	5.12	0	0	0.99	0.99	0	0
simcontig	332216	332728	simcontig:332216	0	-	simcontig	333728	334240	0	SD132	0	N/A	N/A	N/A	N/A	N/A	512	0	0	512	506.88	5.12	0	0	0.99	0.99	0	0
simcontig	333728	334240	simcontig:333728	0	-	simcontig	332216	332728	0	SD132	0	N/A	N/A	N/A	N/A	N/A	512	0	0	512	506.88	5.12	0	0	0.99	0.99	0	0
simcontig	334752	335264	simcontig:334752	0	-	simcontig	336264	336776	0	SD133	0	N/A	N/A	N/A	N/A	N/A	512	0	0	512	506.88	5.12	0	0	0.99	0.99	0	0
simcontig	336264	336776	simcontig:336264	0	-	simcontig	334752	335264	0	SD133	0	N/A	N/A	N/A	N/A	N/A	512	0	0	512	506.88	5.12	0	0	0.99	0.99	0	0
simcontig	337288	337800	simcontig:337288	0	-	simcontig	338800	339312	0	SD134	0	N/A	N/A	N/A	N/A	N/A	512	0	0	512	506.88	5.12	0	0	0.99	0.99	0	0
simcontig	338800	339312	simcontig:338800	0	-	simcontig	337288	337800	0	SD134	0	N/A	N/A	N/A	N/A	N/A	512	0	0	512	506.88	5.12	0	0	0.99	0.99	0	0
simcontig	339824	340336	simcontig:339824	0	-	simcontig	341336	341848	0	SD135	0	N/A	N/A	N/A	N/A	N/A	512	0	0	512	506.88	5.12	0	0	0.99	0.99	0	0
simcontig	341336	341848	simcontig:341336	0	-	simcontig	339824	340336	0	SD135	0	N/A	N/A	N/A	N/A	N/A	512	0	0	512	506.88	5.12	0	0	0.99	0.99	0	0
simcontig	342360	342872	simcontig:342360	0	-	simcontig	343872	344384	0	SD136	0	N/A	N/A	N/A	N/A	N/A	512	0	0	512	506.88	5.12	0	0	0.99	0.99	0	0
simcontig	343872	344384	simcontig:343872	0	-	simcontig	342360	342872	0	SD136	0	N/A	N/A	N/A	N/A	N/A	512	0	0	512	506.88	5.12	0	0	0.99	0.99	0	0
simcontig	344896	345408	simcontig:344896	0	-	simcontig	346408	346920	0	SD137	0	N/A	N/A	N/A	N/A	N/A	512	0	0	512	506.88	5.12	0	0	0.99	0.99	0	0
simcontig	346408	346920	simcontig:346408	0	-	simcontig	344896	345408	0	SD137	0	N/A	N/A	N/A	N/A	N/A	512	0	0	512	506.88	5.12	0	0	0.99	0.99	0	0
simcontig	347432	347944	simcontig:347432	0	-	simcontig	348944	349456	0	SD138	0	N/A	N/A	N/A	N/A	N/A	512	0	0	512	506.88	5.12	0	0	0.99	0.99	0	0
simcontig	348944	349456	simcontig:348944	0	-	simcontig	347432	347944	0	SD138	0	N/A	N/A	N/A	N/A	N/A	512	0	0	512	506.88	5.12	0	0	0.99	0.99	0	0
simcontig	349968	350480	simcontig:349968	0	-	simcontig	351480	351992	0	SD139	0	N/A	N/A	N/A	N/A	N/A	512	0	0	512	506.88	5.12	0	0	0.99	0.99	0	0
simcontig	351480	351992	simcontig:351480	0	-	simcontig	349968	350480	0	SD139	0	N/A	N/A	N/A	N/A	N/A	512	0	0	512	506.88	5.12	0	0	0.99	0.99	0	0
simcontig	352504	353016	simcontig:352504	0	-	simcontig	354016	354528	0	SD140	0	N/A	N/A	N/A	N/A	N/A	512	0	0	512	506.88	5.12	0	0	0.99	0.99	0	0
simcontig	354016	354528	simcontig:354016	0	-	simcontig	352504	353016	0	SD140	0	N/A	N/A	N/A	N/A	N/A	512	0	0	512	506.88	5.12	0	0	0.99	0.99	0	0
simcontig	355040	355552	simcontig:355040	0	-	simcontig	356552	357064	0	SD141	0	N/A	N/A	N/A	N/A	N/A	512	0	0	512	506.88	5.12	0	0	0.99	0.99	0	0
simcontig	356552	357064	simcontig:356552	0	-	simcontig	355040	355552	0	SD141	0	N/A	N/A	N/A	N/A	N/A	512	0	0	512	506.88	5.12	0	0	0.99	0.99	0	0
simcontig	357576	358088	simcontig:357576	0	-	simcontig	359088	359600	0	SD142	0	N/A	N/A	N/A	N/A	N/A	512	0	0	512	506.88	5.12	0	0	0.99	0.99	0	0
simcontig	359088	359600	simcontig:359088	0	-	simcontig	357576	358088	0	SD142	0	N/A	N/A	N/A	N/A	N/A	512	0	0	512	506.88	5.12	0	0	0.99	0.99	0	0
simcontig	360112	360624	simcontig:360112	0	-	simcontig	361624	362136	0	SD143	0	N/A	N/A	N/A	N/A	N/A	512	0	0	512	506.88	5.12	0	0	0.99	0.99	0	0
simcontig	361624	362136	simcontig:361624	0	-	simcontig	360112	360624	0	SD143	0	N/A	N/A	N/A	N/A	N/A	512	0	0	512	506.88	5.12	0	0	0.99	0.99	0	0
simcontig	362648	363160	simcontig:362648	0	-	simcontig	364160	364672	0	SD144	0	N/A	N/A	N/A	N/A	N/A	512	0	0	512	506.88	5.12	0	0	0.99	0.99	0	0
simcontig	364160	364672	simcontig:364160	0	-	simcontig	362648	363160	0	SD144	0	N/A	N/A	N/A	N/A	N/A	512	0	0	512	506.88	5.12	0	0	0.99	0.99	0	0
simcontig	365184	365696	simcontig:365184	0	-	simcontig	366696	367208	0	SD145	0	N/A	N/A	N/A	N/A	N/A	512	0	0	512	506.88	5.12	0	0	0.99	0.99	0	0
simcontig	366696	367208	simcontig:366696	0	-	simcontig	365184	365696	0	SD145	0	N/A	N/A	N/A	N/A	N/A	512	0	0	512	506.88	5.12	0	0	0.99	0.99	0	0
simcontig	367720	368232	simcontig:367720	0	-	simcontig	369232	369744	0	SD146	0	N/A	N/A	N/A	N/A	N/A	512	0	0	512	506.88	5.12	0	0	0.99	0.99	0	0
simcontig	369232	369744	simcontig:369232	0	-	simcontig	367720	368232	0	SD146	0	N/A	N/A	N/A	N/A	N/A	512	0	0	512	506.88	5.12	0	0	0.99	0.99	0	0
simcontig	370256	370768	simcontig:370256	0	-	simcontig	371768	372280	0	SD147	0	N/A	N/A	N/A	N/A	N/A	512	0	0	512	506.88	5.12	0	0	0.99	0.99	0	0
simcontig	371768	372280	simcontig:371768	0	-	simcontig	370256	370768	0	SD147	0	N/A	N/A	N/A	N/A	N/A	512	0	0	512	506.88	5.12	0	0	0.99	0.99	0	0
simcontig	372792	373304	simcontig:372792	0	-	simcontig	374304	374816	0	SD148	0	N/A	N/A	N/A	N/A	N/A	512	0	0	512	506.88	5.12	0	0	0.99	0.99	0	0
simcontig	374304	374816	simcontig:374304	0	-	simcontig	372792	373304	0	SD148	0	N/A	N/A	N/A	N/A	N/A	512	0	0	512	506.88	5.12	0	0	0.99	0.99	0	0
simcontig	375328	375840	simcontig:375328	0	-	simcontig	376840	377352	0	SD149	0	N/A	N/A	N/A	N/A	N/A	512	0	0	512	506.88	5.12	0	0	0.99	0.99	0	0
simcontig	376840	377352	simcontig:376840	0	-	simcontig	375328	375840	0	SD149	0	N/A	N/A	N/A	N/A	N/A	512	0	0	512	506.88	5.12	0	0	0.99	0.99	0	0
simcontig	377864	378376	simcontig:377864	0	-	simcontig	379376	379888	0	SD150	0	N/A	N/A	N/A	N/A	N/A	512	0	0	512	506.88	5.12	0	0	0.99	0.99	0	0
simcontig	379376	379888	simcontig:379376	0	-	simcontig	377864	378376	0	SD150	0	N/A	N/A	N/A	N/A	N/A	512	0	0	512	506.88	5.12	0	0	0.99	0.99	0	0
simcontig	380400	380912	simcontig:380400	0	-	simcontig	381912	382424	0	SD151	0	N/A	N/A	N/A	N/A	N/A	512	0	0	512	506.88	5.12	0	0	0.99	0.99	0	0
simcontig	381912	382424	simcontig:381912	0	-	simcontig	380400	380912	0	SD151	0	N/A	N/A	N/A	N/A	N/A	512	0	0	512	506.88	5.12	0	0	0.99	0.99	0	0
simcontig	382936	383448	simcontig:382936	0	-	simcontig	384448	384960	0	SD152	0	N/A	N/A	N/A	N/A	N/A	512	0	0	512	506.88	5.12	0	0	0.99	0.99	0	0
simcontig	384448	384960	simcontig:384448	0	-	simcontig	382936	383448	0	SD152	0	N/A	N/A	N/A	N/A	N/A	512	0	0	512	506.88	5.12	0	0	0.99	0.99	0	0
simcontig	385472	385984	simcontig:385472	0	-	simcontig	386984	387496	0	SD153	0	N/A	N/A	N/A	N/A	N/A	512	0	0	512	506.88	5.12	0	0	0.99	0.99	0	0
simcontig	386984	387496	simcontig:386984	0	-	simcontig	385472	385984	0	SD153	0	N/A	N/A	N/A	N/A	N/A	512	0	0	512	506.88	5.12	0	0	0.99	0.99	0	0
simcontig	388008	388520	simcontig:388008	0	-	simcontig	389520	390032	0	SD154	0	N/A	N/A	N/A	N/A	N/A	512	0	0	512	506.88	5.12	0	0	0.99	0.99	0	0
simcontig	389520	390032	simcontig:389520	0	-	simcontig	388008	388520	0	SD154	0	N/A	N/A	N/A	N/A	N/A	512	0	0	512	506.88	5.12	0	0	0.99	0.99	0	0
simcontig	390544	391056	simcontig:390544	0	-	simcontig	392056	392568	0	SD155	0	N/A	N/A	N/A	N/A	N/A	512	0	0	512	506.88	5.12	0	0	0.99	0.99	0	0
simcontig	392056	392568	simcontig:392056	0	-	simcontig	390544	391056	0	SD155	0	N/A	N/A	N/A	N/A	N/A	512	0	0	512	506.88	5.12	0	0	0.99	0.99	0	0
simcontig	393080	393592	simcontig:393080	0	-	simcontig	394592	395104	0	SD156	0	N/A	N/A	N/A	N/A	N/A	512	0	0	512	506.88	5.12	0	0	0.99	0.99	0	0
simcontig	394592	395104	simcontig:394592	0	-	simcontig	393080	393592	0	SD156	0	N/A	N/A	N/A	N/A	N/A	512	0	0	512	506.88	5.12	0	0	0.99	0.99	0	0
simcontig	395616	396128	simcontig:395616	0	-	simcontig	397128	397640	0	SD157	0	N/A	N/A	N/A	N/A	N/A	512	0	0	512	506.88	5.12	0	0	0.99	0.99	0	0
simcontig	397128	397640	simcontig:397128	0	-	simcontig	395616	396128	0	SD157	0	N/A	N/A	N/A	N/A	N/A	512	0	0	512	506.88	5.12	0	0	0.99	0.99	0	0
simcontig	398152	398664	simcontig:398152	0	-	simcontig	399664	400176	0	SD158	0	N/A	N/A	N/A	N/A	N/A	512	0	0	512	506.88	5.12	0	0	0.99	0.99	0	0
simcontig	399664	400176	simcontig:399664	0	-	simcontig	398152	398664	0	SD158	0	N/A	N/A	N/A	N/A	N/A	512	0	0	512	506.88	5.12	0	0	0.99	0.99	0	0
simcontig	400688	401200	simcontig:400688	0	-	simcontig	402200	402712	0	SD159	0	N/A	N/A	N/A	N/A	N/A	512	0	0	512	506.88	5.12	0	0	0.99	0.99	0	0
simcontig	402200	402712	simcontig:402200	0	-	simcontig	400688	401200	0	SD159	0	N/A	N/A	N/A	N/A	N/A	512	0	0	512	506.88	5.12	0	0	0.99	0.99	0	0
simcontig	403224	403736	simcontig:403224	0	-	simcontig	404736	405248	0	SD160	0	N/A	N/A	N/A	N/A	N/A	512	0	0	512	506.88	5.12	0	0	0.99	0.99	0	0
simcontig	404736	405248	simcontig:404736	0	-	simcontig	403224	403736	0	SD160	0	N/A	N/A	N/A	N/A	N/A	512	0	0	512	506.88	5.12	0	0	0.99	0.99	0	0
simcontig	405760	406272	simcontig:405760	0	-	simcontig	407272	407784	0	SD161	0	N/A	N/A	N/A	N/A	N/A	512	0	0	512	506.88	5.12	0	0	0.99	0.99	0	0
simcontig	407272	407784	simcontig:407272	0	-	simcontig	405760	406272	0	SD161	0	N/A	N/A	N/A	N/A	N/A	512	0	0	512	506.88	5.12	0	0	0.99	0.99	0	0
simcontig	408296	408808	simcontig:408296	0	-	simcontig	409808	410320	0	SD162	0	N/A	N/A	N/A	N/A	N/A	512	0	0	512	506.88	5.12	0	0	0.99	0.99	0	0
simcontig	409808	410320	simcontig:409808	0	-	simcontig	408296	408808	0	SD162	0	N/A	N/A	N/A	N/A	N/A	512	0	0	512	506.88	5.12	0	0	0.99	0.99	0	0
simcontig	410832	411344	simcontig:410832	0	-	simcontig	412344	412856	0	SD163	0	N/A	N/A	N/A	N/A	N/A	512	0	0	512	506.88	5.12	0	0	0.99	0.99	0	0
simcontig	412344	412856	simcontig:412344	0	-	simcontig	410832	411344	0	SD163	0	N/A	N/A	N/A	N/A	N/A	512	0	0	512	506.88	5.12	0	0	0.99	0.99	0	0
simcontig	413368	413880	simcontig:413368	0	-	simcontig	414880	415392	0	SD164	0	N/A	N/A	N/A	N/A	N/A	512	0	0	512	506.88	5.12	0	0	0.99	0.99	0	0
simcontig	414880	415392	simcontig:414880	0	-	simcontig	413368	413880	0	SD164	0	N/A	N/A	N/A	N/A	N/A	512	0	0	512	506.88	5.12	0	0	0.99	0.99	0	0
simcontig	415904	416416	simcontig:415904	0	-	simcontig	417416	417928	0	SD165	0	N/A	N/A	N/A	N/A	N/A	512	0	0	512	506.88	5.12	0	0	0.99	0.99	0	0
simcontig	417416	417928	simcontig:417416	0	-	simcontig	415904	416416	0	SD165	0	N/A	N/A	N/A	N/A	N/A	512	0	0	512	506.88	5.12	0	0	0.99	0.99	0	0
simcontig	418440	418952	simcontig:418440	0	-	simcontig	419952	420464	0	SD166	0	N/A	N/A	N/A	N/A	N/A	512	0	0	512	506.88	5.12	0	0	0.99	0.99	0	0
simcontig	419952	420464	simcontig:419952	0	-	simcontig	418440	418952	0	SD166	0	N/A	N/A	N/A	N/A	N/A	512	0	0	512	506.88	5.12	0	0	0.99	0.99	0	0
simcontig	420976	421488	simcontig:420976	0	-	simcontig	422488	423000	0	SD167	0	N/A	N/A	N/A	N/A	N/A	512	0	0	512	506.88	5.12	0	0	0.99	0.99	0	0
simcontig	422488	423000	simcontig:422488	0	-	simcontig	420976	421488	0	SD167	0	N/A	N/A	N/A	N/A	N/A	512	0	0	512	506.88	5.12	0	0	0.99	0.99	0	0
simcontig	423512	424024	simcontig:423512	0	-	simcontig	425024	425536	0	SD168	0	N/A	N/A	N/A	N/A	N/A	512	0	0	512	506.88	5.12	0	0	0.99	0.99	0	0
simcontig	425024	425536	simcontig:425024	0	-	simcontig	423512	424024	0	SD168	0	N/A	N/A	N/A	N/A	N/A	512	0	0	512	506.88	5.12	0	0	0.99	0.99	0	0
simcontig	426048	426560	simcontig:426048	0	-	simcontig	427560	428072	0	SD169	0	N/A	N/A	N/A	N/A	N/A	512	0	0	512	506.88	5.12	0	0	0.99	0.99	0	0
simcontig	427560	428072	simcontig:427560	0	-	simcontig	426048	426560	0	SD169	0	N/A	N/A	N/A	N/A	N/A	512	0	0	512	506.88	5.12	0	0	0.99	0.99	0	0
simcontig	428584	429096	simcontig:428584	0	-	simcontig	430096	430608	0	SD170	0	N/A	N/A	N/A	N/A	N/A	512	0	0	512	506.88	5.12	0	0	0.99	0.99	0	0
simcontig	430096	430608	simcontig:430096	0	-	simcontig	428584	429096	0	SD170	0	N/A	N/A	N/A	N/A	N/A	512	0	0	512	506.88	5.12	0	0	0.99	0.99	0	0
simcontig	431120	431632	simcontig:431120	0	-	simcontig	432632	433144	0	SD171	0	N/A	N/A	N/A	N/A	N/A	512	0	0	512	506.88	5.12	0	0	0.99	0.99	0	0
simcontig	432632	433144	simcontig:432632	0	-	simcontig	431120	431632	0	SD171	0	N/A	N/A	N/A	N/A	N/A	512	0	0	512	506.88	5.12	0	0	0.99	0.99	0	0
simcontig	433656	434168	simcontig:433656	0	-	simcontig	435168	435680	0	SD172	0	N/A	N/A	N/A	N/A	N/A	512	0	0	512	506.88	5.12	0	0	0.99	0.99	0	0
simcontig	435168	435680	simcontig:435168	0	-	simcontig	433656	434168	0	SD172	0	N/A	N/A	N/A	N/A	N/A	512	0	0	512	506.88	5.12	0	0	0.99	0.99	0	0
simcontig	436192	436704	simcontig:436192	0	-	simcontig	437704	438216	0	SD173	0	N/A	N/A	N/A	N/A	N/A	512	0	0	512	506.88	5.12	0	0	0.99	0.99	0	0
simcontig	437704	438216	simcontig:437704	0	-	simcontig	436192	436704	0	SD173	0	N/A	N/A	N/A	N/A	N/A	512	0	0	512	506.88	5.12	0	0	0.99	0.99	0	0
simcontig	438728	439240	simcontig:438728	0	-	simcontig	440240	440752	0	SD174	0	N/A	N/A	N/A	N/A	N/A	512	0	0	512	506.88	5.12	0	0	0.99	0.99	0	0
simcontig	440240	440752	simcontig:440240	0	-	simcontig	438728	439240	0	SD174	0	N/A	N/A	N/A	N/A	N/A	512	0	0	512	506.88	5.12	0	0	0.99	0.99	0	0
simcontig	441264	441776	simcontig:441264	0	-	simcontig	442776	443288	0	SD175	0	N/A	N/A	N/A	N/A	N/A	512	0	0	512	506.88	5.12	0	0	0.99	0.99	0	0
simcontig	442776	443288	simcontig:442776	0	-	simcontig	441264	441776	0	SD175	0	N/A	N/A	N/A	N/A	N/A	512	0	0	512	506.88	5.12	0	0	0.99	0.99	0	0
simcontig	443800	444312	simcontig:443800	0	-	simcontig	445312	445824	0	SD176	0	N/A	N/A	N/A	N/A	N/A	512	0	0	512	506.88	5.12	0	0	0.99	0.99	0	0
simcontig	445312	445824	simcontig:445312	0	-	simcontig	443800	444312	0	SD176	0	N/A	N/A	N/A	N/A	N/A	512	0	0	512	506.88	5.12	0	0	0.99	0.99	0	0
simcontig	446336	446848	simcontig:446336	0	-	simcontig	447848	448360	0	SD177	0	N/A	N/A	N/A	N/A	N/A	512	0	0	512	506.88	5.12	0	0	0.99	0.99	0	0
simcontig	447848	448360	simcontig:447848	0	-	simcontig	446336	446848	0	SD177	0	N/A	N/A	N/A	N/A	N/A	512	0	0	512	506.88	5.12	0	0	0.99	0.99	0	0
simcontig	448872	449384	simcontig:448872	0	-	simcontig	450384	450896	0	SD178	0	N/A	N/A	N/A	N/A	N/A	512	0	0	512	506.88	5.12	0	0	0.99	0.99	0	0
simcontig	450384	450896	simcontig:450384	0	-	simcontig	448872	449384	0	SD178	0	N/A	N/A	N/A	N/A	N/A	512	0	0	512	506.88	5.12	0	0	0.99	0.99	0	0
simcontig	451408	451920	simcontig:451408	0	-	simcontig	452920	453432	0	SD179	0	N/A	N/A	N/A	N/A	N/A	512	0	0	512	506.88	5.12	0	0	0.99	0.99	0	0
simcontig	452920	453432	simcontig:452920	0	-	simcontig	451408	451920	0	SD179	0	N/A	N/A	N/A	N/A	N/A	512	0	0	512	506.88	5.12	0	0	0.99	0.99	0	0
simcontig	453944	454456	simcontig:453944	0	-	simcontig	455456	455968	0	SD180	0	N/A	N/A	N/A	N/A	N/A	512	0	0	512	506.88	5.12	0	0	0.99	0.99	0	0
simcontig	455456	455968	simcontig:455456	0	-	simcontig	453944	454456	0	SD180	0	N/A	N/A	N/A	N/A	N/A	512	0	0	512	506.88	5.12	0	0	0.99	0.99	0	0
simcontig	456480	456992	simcontig:456480	0	-	simcontig	457992	458504	0	SD181	0	N/A	N/A	N/A	N/A	N/A	512	0	0	512	506.88	5.12	0	0	0.99	0.99	0	0
simcontig	457992	458504	simcontig:457992	0	-	simcontig	456480	456992	0	SD181	0	N/A	N/A	N/A	N/A	N/A	512	0	0	512	506.88	5.12	0	0	0.99	0.99	0	0
simcontig	459016	459528	simcontig:459016	0	-	simcontig	460528	461040	0	SD182	0	N/A	N/A	N/A	N/A	N/A	512	0	0	512	506.88	5.12	0	0	0.99	0.99	0	0
simcontig	460528	461040	simcontig:460528	0	-	simcontig	459016	459528	0	SD182	0	N/A	N/A	N/A	N/A	N/A	512	0	0	512	506.88	5.12	0	0	0.99	0.99	0	0
simcontig	461552	462064	simcontig:461552	0	-	simcontig	463064	463576	0	SD183	0	N/A	N/A	N/A	N/A	N/A	512	0	0	512	506.88	5.12	0	0	0.99	0.99	0	0
simcontig	463064	463576	simcontig:463064	0	-	simcontig	461552	462064	0	SD183	0	N/A	N/A	N/A	N/A	N/A	512	0	0	512	506.88	5.12	0	0	0.99	0.99	0	0
simcontig	464088	464600	simcontig:464088	0	-	simcontig	465600	466112	0	SD184	0	N/A	N/A	N/A	N/A	N/A	512	0	0	512	506.88	5.12	0	0	0.99	0.99	0	0
simcontig	465600	466112	simcontig:465600	0	-	simcontig	464088	464600	0	SD184	0	N/A	N/A	N/A	N/A	N/A	512	0	0	512	506.88	5.12	0	0	0.99	0.99	0	0
simcontig	466624	467136	simcontig:466624	0	-	simcontig	468136	468648	0	SD185	0	N/A	N/A	N/A	N/A	N/A	512	0	0	512	506.88	5.12	0	0	0.99	0.99	0	0
simcontig	468136	468648	simcontig:468136	0	-	simcontig	466624	467136	0	SD185	0	N/A	N/A	N/A	N/A	N/A	512	0	0	512	506.88	5.12	0	0	0.99	0.99	0	0
simcontig	469160	469672	simcontig:469160	0	-	simcontig	470672	471184	0	SD186	0	N/A	N/A	N/A	N/A	N/A	512	0	0	512	506.88	5.12	0	0	0.99	0.99	0	0
simcontig	470672	471184	simcontig:470672	0	-	simcontig	469160	469672	0	SD186	0	N/A	N/A	N/A	N/A	N/A	512	0	0	512	506.88	5.12	0	0	0.99	0.99	0	0
simcontig	471696	472208	simcontig:471696	0	-	simcontig	473208	473720	0	SD187	0	N/A	N/A	N/A	N/A	N/A	512	0	0	512	506.88	5.12	0	0	0.99	0.99	0	0
simcontig	473208	473720	simcontig:473208	0	-	simcontig	471696	472208	0	SD187	0	N/A	N/A	N/A	N/A	N/A	512	0	0	512	506.88	5.12	0	0	0.99	0.99	0	0
simcontig	474232	474744	simcontig:474232	0	-	simcontig	475744	476256	0	SD188	0	N/A	N/A	N/A	N/A	N/A	512	0	0	512	506.88	5.12	0	0	0.99	0.99	0	0
simcontig	475744	476256	simcontig:475744	0	-	simcontig	474232	474744	0	SD188	0	N/A	N/A	N/A	N/A	N/A	512	0	0	512	506.88	5.12	0	0	0.99	0.99	0	0
simcontig	476768	477280	simcontig:476768	0	-	simcontig	478280	478792	0	SD189	0	N/A	N/A	N/A	N/A	N/A	512	0	0	512	506.88	5.12	0	0	0.99	0.99	0	0
simcontig	478280	478792	simcontig:478280	0	-	simcontig	476768	477280	0	SD189	0	N/A	N/A	N/A	N/A	N/A	512	0	0	512	506.88	5.12	0	0	0.99	0.99	0	0
simcontig	479304	479816	simcontig:479304	0	-	simcontig	480816	481328	0	SD190	0	N/A	N/A	N/A	N/A	N/A	512	0	0	512	506.88	5.12	0	0	0.99	0.99	0	0
simcontig	480816	481328	simcontig:480816	0	-	simcontig	479304	479816	0	SD190	0	N/A	N/A	N/A	N/A	N/A	512	0	0	512	506.88	5.12	0	0	0.99	0.99	0	0
simcontig	481840	482352	simcontig:481840	0	-	simcontig	483352	483864	0	SD191	0	N/A	N/A	N/A	N/A	N/A	512	0	0	512	506.88	5.12	0	0	0.99	0.99	0	0
simcontig	483352	483864	simcontig:483352	0	-	simcontig	481840	482352	0	SD191	0	N/A	N/A	N/A	N/A	N/A	512	0	0	512	506.88	5.12	0	0	0.99	0.99	0	0
simcontig	484376	484888	simcontig:484376	0	-	simcontig	485888	486400	0	SD192	0	N/A	N/A	N/A	N/A	N/A	512	0	0	512	506.88	5.12	0	0	0.99	0.99	0	0
simcontig	485888	486400	simcontig:485888	0	-	simcontig	484376	484888	0	SD192	0	N/A	N/A	N/A	N/A	N/A	512	0	0	512	506.88	5.12	0	0	0.99	0.99	0	0
simcontig	486912	487424	simcontig:486912	0	-	simcontig	488424	488936	0	SD193	0	N/A	N/A	N/A	N/A	N/A	512	0	0	512	506.88	5.12	0	0	0.99	0.99	0	0
simcontig	488424	488936	simcontig:488424	0	-	simcontig	486912	487424	0	SD193	0	N/A	N/A	N/A	N/A	N/A	512	0	0	512	506.88	5.12	0	0	0.99	0.99	0	0
simcontig	489448	489960	simcontig:489448	0	-	simcontig	490960	491472	0	SD194	0	N/A	N/A	N/A	N/A	N/A	512	0	0	512	506.88	5.12	0	0	0.99	0.99	0	0
simcontig	490960	491472	simcontig:490960	0	-	simcontig	489448	489960	0	SD194	0	N/A	N/A	N/A	N/A	N/A	512	0	0	512	506.88	5.12	0	0	0.99	0.99	0	0
simcontig	491984	492496	simcontig:491984	0	-	simcontig	493496	494008	0	SD195	0	N/A	N/A	N/A	N/A	N/A	512	0	0	512	506.88	5.12	0	0	0.99	0.99	0	0
simcontig	493496	494008	simcontig:493496	0	-	simcontig	491984	492496	0	SD195	0	N/A	N/A	N/A	N/A	N/A	512	0	0	512	506.88	5.12	0	0	0.99	0.99	0	0
simcontig	494520	495032	simcontig:494520	0	-	simcontig	496032	496544	0	SD196	0	N/A	N/A	N/A	N/A	N/A	512	0	0	512	506.88	5.12	0	0	0.99	0.99	0	0
simcontig	496032	496544	simcontig:496032	0	-	simcontig	494520	495032	0	SD196	0	N/A	N/A	N/A	N/A	N/A	512	0	0	512	506.88	5.12	0	0	0.99	0.99	0	0
simcontig	497056	497568	simcontig:497056	0	-	simcontig	498568	499080	0	SD197	0	N/A	N/A	N/A	N/A	N/A	512	0	0	512	506.88	5.12	0	0	0.99	0.99	0	0
simcontig	498568	499080	simcontig:498568	0	-	simcontig	497056	497568	0	SD197	0	N/A	N/A	N/A	N/A	N/A	512	0	0	512	506.88	5.12	0	0	0.99	0.99	0	0
