simcontig	0	1024	simcontig:0	0	+	simcontig	2024	3048	0	SD1	0	N/A	N/A	N/A	N/A	N/A	1024	0	0	1024	972.8	51.2	0	0	0.95	0.95	0	0
simcontig	2024	3048	simcontig:2024	0	+	simcontig	0	1024	0	SD1	0	N/A	N/A	N/A	N/A	N/A	1024	0	0	1024	972.8	51.2	0	0	0.95	0.95	0	0
simcontig	4072	5096	simcontig:4072	0	+	simcontig	6096	7120	0	SD2	0	N/A	N/A	N/A	N/A	N/A	1024	0	0	1024	972.8	51.2	0	0	0.95	0.95	0	0
simcontig	6096	7120	simcontig:6096	0	+	simcontig	4072	5096	0	SD2	0	N/A	N/A	N/A	N/A	N/A	1024	0	0	1024	972.8	51.2	0	0	0.95	0.95	0	0
simcontig	8144	9168	simcontig:8144	0	+	simcontig	10168	11192	0	SD3	0	N/A	N/A	N/A	N/A	N/A	1024	0	0	1024	972.8	51.2	0	0	0.95	0.95	0	0
simcontig	10168	11192	simcontig:10168	0	+	simcontig	8144	9168	0	SD3	0	N/A	N/A	N/A	N/A	N/A	1024	0	0	1024	972.8	51.2	0	0	0.95	0.95	0	0
simcontig	12216	13240	simcontig:12216	0	+	simcontig	14240	15264	0	SD4	0	N/A	N/A	N/A	N/A	N/A	1024	0	0	1024	972.8	51.2	0	0	0.95	0.95	0	0
simcontig	14240	15264	simcontig:14240	0	+	simcontig	12216	13240	0	SD4	0	N/A	N/A	N/A	N/A	N/A	1024	0	0	1024	972.8	51.2	0	0	0.95	0.95	0	0
simcontig	16288	17312	simcontig:16288	0	+	simcontig	18312	19336	0	SD5	0	N/A	N/A	N/A	N/A	N/A	1024	0	0	1024	972.8	51.2	0	0	0.95	0.95	0	0
simcontig	18312	19336	simcontig:18312	0	+	simcontig	16288	17312	0	SD5	0	N/A	N/A	N/A	N/A	N/A	1024	0	0	1024	972.8	51.2	0	0	0.95	0.95	0	0
simcontig	20360	21384	simcontig:20360	0	+	simcontig	22384	23408	0	SD6	0	N/A	N/A	N/A	N/A	N/A	1024	0	0	1024	972.8	51.2	0	0	0.95	0.95	0	0
simcontig	22384	23408	simcontig:22384	0	+	simcontig	20360	21384	0	SD6	0	N/A	N/A	N/A	N/A	N/A	1024	0	0	1024	972.8	51.2	0	0	0.95	0.95	0	0
simcontig	24432	25456	simcontig:24432	0	+	simcontig	26456	27480	0	SD7	0	N/A	N/A	N/A	N/A	N/A	1024	0	0	1024	972.8	51.2	0	0	0.95	0.95	0	0
simcontig	26456	27480	simcontig:26456	0	+	simcontig	24432	25456	0	SD7	0	N/A	N/A	N/A	N/A	N/A	1024	0	0	1024	972.8	51.2	0	0	0.95	0.95	0	0
simcontig	28504	29528	simcontig:28504	0	+	simcontig	30528	31552	0	SD8	0	N/A	N/A	N/A	N/A	N/A	1024	0	0	1024	972.8	51.2	0	0	0.95	0.95	0	0
simcontig	30528	31552	simcontig:30528	0	+	simcontig	28504	29528	0	SD8	0	N/A	N/A	N/A	N/A	N/A	1024	0	0	1024	972.8	51.2	0	0	0.95	0.95	0	0
simcontig	32576	33600	simcontig:32576	0	+	simcontig	34600	35624	0	SD9	0	N/A	N/A	N/A	N/A	N/A	1024	0	0	1024	972.8	51.2	0	0	0.95	0.95	0	0
simcontig	34600	35624	simcontig:34600	0	+	simcontig	32576	33600	0	SD9	0	N/A	N/A	N/A	N/A	N/A	1024	0	0	1024	972.8	51.2	0	0	0.95	0.95	0	0
simcontig	36648	37672	simcontig:36648	0	+	simcontig	38672	39696	0	SD10	0	N/A	N/A	N/A	N/A	N/A	1024	0	0	1024	972.8	51.2	0	0	0.95	0.95	0	0
simcontig	38672	39696	simcontig:38672	0	+	simcontig	36648	37672	0	SD10	0	N/A	N/A	N/A	N/A	N/A	1024	0	0	1024	972.8	51.2	0	0	0.95	0.95	0	0
simcontig	40720	41744	simcontig:40720	0	+	simcontig	42744	43768	0	SD11	0	N/A	N/A	N/A	N/A	N/A	1024	0	0	1024	972.8	51.2	0	0	0.95	0.95	0	0
simcontig	42744	43768	simcontig:42744	0	+	simcontig	40720	41744	0	SD11	0	N/A	N/A	N/A	N/A	N/A	1024	0	0	1024	972.8	51.2	0	0	0.95	0.95	0	0
simcontig	44792	45816	simcontig:44792	0	+	simcontig	46816	47840	0	SD12	0	N/A	N/A	N/A	N/A	N/A	1024	0	0	1024	972.8	51.2	0	0	0.95	0.95	0	0
simcontig	46816	47840	simcontig:46816	0	+	simcontig	44792	45816	0	SD12	0	N/A	N/A	N/A	N/A	N/A	1024	0	0	1024	972.8	51.2	0	0	0.95	0.95	0	0
simcontig	48864	49888	simcontig:48864	0	+	simcontig	50888	51912	0	SD13	0	N/A	N/A	N/A	N/A	N/A	1024	0	0	1024	972.8	51.2	0	0	0.95	0.95	0	0
simcontig	50888	51912	simcontig:50888	0	+	simcontig	48864	49888	0	SD13	0	N/A	N/A	N/A	N/A	N/A	1024	0	0	1024	972.8	51.2	0	0	0.95	0.95	0	0
simcontig	52936	53960	simcontig:52936	0	+	simcontig	54960	55984	0	SD14	0	N/A	N/A	N/A	N/A	N/A	1024	0	0	1024	972.8	51.2	0	0	0.95	0.95	0	0
simcontig	54960	55984	simcontig:54960	0	+	simcontig	52936	53960	0	SD14	0	N/A	N/A	N/A	N/A	N/A	1024	0	0	1024	972.8	51.2	0	0	0.95	0.95	0	0
simcontig	57008	58032	simcontig:57008	0	+	simcontig	59032	60056	0	SD15	0	N/A	N/A	N/A	N/A	N/A	1024	0	0	1024	972.8	51.2	0	0	0.95	0.95	0	0
simcontig	59032	60056	simcontig:59032	0	+	simcontig	57008	58032	0	SD15	0	N/A	N/A	N/A	N/A	N/A	1024	0	0	1024	972.8	51.2	0	0	0.95	0.95	0	0
simcontig	61080	62104	simcontig:61080	0	+	simcontig	63104	64128	0	SD16	0	N/A	N/A	N/A	N/A	N/A	1024	0	0	1024	972.8	51.2	0	0	0.95	0.95	0	0
simcontig	63104	64128	simcontig:63104	0	+	simcontig	61080	62104	0	SD16	0	N/A	N/A	N/A	N/A	N/A	1024	0	0	1024	972.8	51.2	0	0	0.95	0.95	0	0
simcontig	65152	66176	simcontig:65152	0	+	simcontig	67176	68200	0	SD17	0	N/A	N/A	N/A	N/A	N/A	1024	0	0	1024	972.8	51.2	0	0	0.95	0.95	0	0
simcontig	67176	68200	simcontig:67176	0	+	simcontig	65152	66176	0	SD17	0	N/A	N/A	N/A	N/A	N/A	1024	0	0	1024	972.8	51.2	0	0	0.95	0.95	0	0
simcontig	69224	70248	simcontig:69224	0	+	simcontig	71248	72272	0	SD18	0	N/A	N/A	N/A	N/A	N/A	1024	0	0	1024	972.8	51.2	0	0	0.95	0.95	0	0
simcontig	71248	72272	simcontig:71248	0	+	simcontig	69224	70248	0	SD18	0	N/A	N/A	N/A	N/A	N/A	1024	0	0	1024	972.8	51.2	0	0	0.95	0.95	0	0
simcontig	73296	74320	simcontig:73296	0	+	simcontig	75320	76344	0	SD19	0	N/A	N/A	N/A	N/A	N/A	1024	0	0	1024	972.8	51.2	0	0	0.95	0.95	0	0
simcontig	75320	76344	simcontig:75320	0	+	simcontig	73296	74320	0	SD19	0	N/A	N/A	N/A	N/A	N/A	1024	0	0	1024	972.8	51.2	0	0	0.95	0.95	0	0
simcontig	77368	78392	simcontig:77368	0	+	simcontig	79392	80416	0	SD20	0	N/A	N/A	N/A	N/A	N/A	1024	0	0	1024	972.8	51.2	0	0	0.95	0.95	0	0
simcontig	79392	80416	simcontig:79392	0	+	simcontig	77368	78392	0	SD20	0	N/A	N/A	N/A	N/A	N/A	1024	0	0	1024	972.8	51.2	0	0	0.95	0.95	0	0
simcontig	81440	82464	simcontig:81440	0	+	simcontig	83464	84488	0	SD21	0	N/A	N/A	N/A	N/A	N/A	1024	0	0	1024	972.8	51.2	0	0	0.95	0.95	0	0
simcontig	83464	84488	simcontig:83464	0	+	simcontig	81440	82464	0	SD21	0	N/A	N/A	N/A	N/A	N/A	1024	0	0	1024	972.8	51.2	0	0	0.95	0.95	0	0
simcontig	85512	86536	simcontig:85512	0	+	simcontig	87536	88560	0	SD22	0	N/A	N/A	N/A	N/A	N/A	1024	0	0	1024	972.8	51.2	0	0	0.95	0.95	0	0
simcontig	87536	88560	simcontig:87536	0	+	simcontig	85512	86536	0	SD22	0	N/A	N/A	N/A	N/A	N/A	1024	0	0	1024	972.8	51.2	0	0	0.95	0.95	0	0
simcontig	89584	90608	simcontig:89584	0	+	simcontig	91608	92632	0	SD23	0	N/A	N/A	N/A	N/A	N/A	1024	0	0	1024	972.8	51.2	0	0	0.95	0.95	0	0
simcontig	91608	92632	simcontig:91608	0	+	simcontig	89584	90608	0	SD23	0	N/A	N/A	N/A	N/A	N/A	1024	0	0	1024	972.8	51.2	0	0	0.95	0.95	0	0
simcontig	93656	94680	simcontig:93656	0	+	simcontig	95680	96704	0	SD24	0	N/A	N/A	N/A	N/A	N/A	1024	0	0	1024	972.8	51.2	0	0	0.95	0.95	0	0
simcontig	95680	96704	simcontig:95680	0	+	simcontig	93656	94680	0	SD24	0	N/A	N/A	N/A	N/A	N/A	1024	0	0	1024	972.8	51.2	0	0	0.95	0.95	0	0
simcontig	97728	98752	simcontig:97728	0	+	simcontig	99752	100776	0	SD25	0	N/A	N/A	N/A	N/A	N/A	1024	0	0	1024	972.8	51.2	0	0	0.95	0.95	0	0
simcontig	99752	100776	simcontig:99752	0	+	simcontig	97728	98752	0	SD25	0	N/A	N/A	N/A	N/A	N/A	1024	0	0	1024	972.8	51.2	0	0	0.95	0.95	0	0
simcontig	101800	102824	simcontig:101800	0	+	simcontig	103824	104848	0	SD26	0	N/A	N/A	N/A	N/A	N/A	1024	0	0	1024	972.8	51.2	0	0	0.95	0.95	0	0
simcontig	103824	104848	simcontig:103824	0	+	simcontig	101800	102824	0	SD26	0	N/A	N/A	N/A	N/A	N/A	1024	0	0	1024	972.8	51.2	0	0	0.95	0.95	0	0
simcontig	105872	106896	simcontig:105872	0	+	simcontig	107896	108920	0	SD27	0	N/A	N/A	N/A	N/A	N/A	1024	0	0	1024	972.8	51.2	0	0	0.95	0.95	0	0
simcontig	107896	108920	simcontig:107896	0	+	simcontig	105872	106896	0	SD27	0	N/A	N/A	N/A	N/A	N/A	1024	0	0	1024	972.8	51.2	0	0	0.95	0.95	0	0
simcontig	109944	110968	simcontig:109944	0	+	simcontig	111968	112992	0	SD28	0	N/A	N/A	N/A	N/A	N/A	1024	0	0	1024	972.8	51.2	0	0	0.95	0.95	0	0
simcontig	111968	112992	simcontig:111968	0	+	simcontig	109944	110968	0	SD28	0	N/A	N/A	N/A	N/A	N/A	1024	0	0	1024	972.8	51.2	0	0	0.95	0.95	0	0
simcontig	114016	115040	simcontig:114016	0	+	simcontig	116040	117064	0	SD29	0	N/A	N/A	N/A	N/A	N/A	1024	0	0	1024	972.8	51.2	0	0	0.95	0.95	0	0
simcontig	116040	117064	simcontig:116040	0	+	simcontig	114016	115040	0	SD29	0	N/A	N/A	N/A	N/A	N/A	1024	0	0	1024	972.8	51.2	0	0	0.95	0.95	0	0
simcontig	118088	119112	simcontig:118088	0	+	simcontig	120112	121136	0	SD30	0	N/A	N/A	N/A	N/A	N/A	1024	0	0	1024	972.8	51.2	0	0	0.95	0.95	0	0
simcontig	120112	121136	simcontig:120112	0	+	simcontig	118088	119112	0	SD30	0	N/A	N/A	N/A	N/A	N/A	1024	0	0	1024	972.8	51.2	0	0	0.95	0.95	0	0
simcontig	122160	123184	simcontig:122160	0	+	simcontig	124184	125208	0	SD31	0	N/A	N/A	N/A	N/A	N/A	1024	0	0	1024	972.8	51.2	0	0	0.95	0.95	0	0
simcontig	124184	125208	simcontig:124184	0	+	simcontig	122160	123184	0	SD31	0	N/A	N/A	N/A	N/A	N/A	1024	0	0	1024	972.8	51.2	0	0	0.95	0.95	0	0
simcontig	126232	127256	simcontig:126232	0	+	simcontig	128256	129280	0	SD32	0	N/A	N/A	N/A	N/A	N/A	1024	0	0	1024	972.8	51.2	0	0	0.95	0.95	0	0
simcontig	128256	129280	simcontig:128256	0	+	simcontig	126232	127256	0	SD32	0	N/A	N/A	N/A	N/A	N/A	1024	0	0	1024	972.8	51.2	0	0	0.95	0.95	0	0
simcontig	130304	131328	simcontig:130304	0	+	simcontig	132328	133352	0	SD33	0	N/A	N/A	N/A	N/A	N/A	1024	0	0	1024	972.8	51.2	0	0	0.95	0.95	0	0
simcontig	132328	133352	simcontig:132328	0	+	simcontig	130304	131328	0	SD33	0	N/A	N/A	N/A	N/A	N/A	1024	0	0	1024	972.8	51.2	0	0	0.95	0.95	0	0
simcontig	134376	135400	simcontig:134376	0	+	simcontig	136400	137424	0	SD34	0	N/A	N/A	N/A	N/A	N/A	1024	0	0	1024	972.8	51.2	0	0	0.95	0.95	0	0
simcontig	136400	137424	simcontig:136400	0	+	simcontig	134376	135400	0	SD34	0	N/A	N/A	N/A	N/A	N/A	1024	0	0	1024	972.8	51.2	0	0	0.95	0.95	0	0
simcontig	138448	139472	simcontig:138448	0	+	simcontig	140472	141496	0	SD35	0	N/A	N/A	N/A	N/A	N/A	1024	0	0	1024	972.8	51.2	0	0	0.95	0.95	0	0
simcontig	140472	141496	simcontig:140472	0	+	simcontig	138448	139472	0	SD35	0	N/A	N/A	N/A	N/A	N/A	1024	0	0	1024	972.8	51.2	0	0	0.95	0.95	0	0
simcontig	142520	143544	simcontig:142520	0	+	simcontig	144544	145568	0	SD36	0	N/A	N/A	N/A	N/A	N/A	1024	0	0	1024	972.8	51.2	0	0	0.95	0.95	0	0
simcontig	144544	145568	simcontig:144544	0	+	simcontig	142520	143544	0	SD36	0	N/A	N/A	N/A	N/A	N/A	1024	0	0	1024	972.8	51.2	0	0	0.95	0.95	0	0
simcontig	146592	147616	simcontig:146592	0	+	simcontig	148616	149640	0	SD37	0	N/A	N/A	N/A	N/A	N/A	1024	0	0	1024	972.8	51.2	0	0	0.95	0.95	0	0
simcontig	148616	149640	simcontig:148616	0	+	simcontig	146592	147616	0	SD37	0	N/A	N/A	N/A	N/A	N/A	1024	0	0	1024	972.8	51.2	0	0	0.95	0.95	0	0
simcontig	150664	151688	simcontig:150664	0	+	simcontig	152688	153712	0	SD38	0	N/A	N/A	N/A	N/A	N/A	1024	0	0	1024	972.8	51.2	0	0	0.95	0.95	0	0
simcontig	152688	153712	simcontig:152688	0	+	simcontig	150664	151688	0	SD38	0	N/A	N/A	N/A	N/A	N/A	1024	0	0	1024	972.8	51.2	0	0	0.95	0.95	0	0
simcontig	154736	155760	simcontig:154736	0	+	simcontig	156760	157784	0	SD39	0	N/A	N/A	N/A	N/A	N/A	1024	0	0	1024	972.8	51.2	0	0	0.95	0.95	0	0
simcontig	156760	157784	simcontig:156760	0	+	simcontig	154736	155760	0	SD39	0	N/A	N/A	N/A	N/A	N/A	1024	0	0	1024	972.8	51.2	0	0	0.95	0.95	0	0
simcontig	158808	159832	simcontig:158808	0	+	simcontig	160832	161856	0	SD40	0	N/A	N/A	N/A	N/A	N/A	1024	0	0	1024	972.8	51.2	0	0	0.95	0.95	0	0
simcontig	160832	161856	simcontig:160832	0	+	simcontig	158808	159832	0	SD40	0	N/A	N/A	N/A	N/A	N/A	1024	0	0	1024	972.8	51.2	0	0	0.95	0.95	0	0
simcontig	162880	163904	simcontig:162880	0	+	simcontig	164904	165928	0	SD41	0	N/A	N/A	N/A	N/A	N/A	1024	0	0	1024	972.8	51.2	0	0	0.95	0.95	0	0
simcontig	164904	165928	simcontig:164904	0	+	simcontig	162880	163904	0	SD41	0	N/A	N/A	N/A	N/A	N/A	1024	0	0	1024	972.8	51.2	0	0	0.95	0.95	0	0
simcontig	166952	167976	simcontig:166952	0	+	simcontig	168976	170000	0	SD42	0	N/A	N/A	N/A	N/A	N/A	1024	0	0	1024	972.8	51.2	0	0	0.95	0.95	0	0
simcontig	168976	170000	simcontig:168976	0	+	simcontig	166952	167976	0	SD42	0	N/A	N/A	N/A	N/A	N/A	1024	0	0	1024	972.8	51.2	0	0	0.95	0.95	0	0
simcontig	171024	172048	simcontig:171024	0	+	simcontig	173048	174072	0	SD43	0	N/A	N/A	N/A	N/A	N/A	1024	0	0	1024	972.8	51.2	0	0	0.95	0.95	0	0
simcontig	173048	174072	simcontig:173048	0	+	simcontig	171024	172048	0	SD43	0	N/A	N/A	N/A	N/A	N/A	1024	0	0	1024	972.8	51.2	0	0	0.95	0.95	0	0
simcontig	175096	176120	simcontig:175096	0	+	simcontig	177120	178144	0	SD44	0	N/A	N/A	N/A	N/A	N/A	1024	0	0	1024	972.8	51.2	0	0	0.95	0.95	0	0
simcontig	177120	178144	simcontig:177120	0	+	simcontig	175096	176120	0	SD44	0	N/A	N/A	N/A	N/A	N/A	1024	0	0	1024	972.8	51.2	0	0	0.95	0.95	0	0
simcontig	179168	180192	simcontig:179168	0	+	simcontig	181192	182216	0	SD45	0	N/A	N/A	N/A	N/A	N/A	1024	0	0	1024	972.8	51.2	0	0	0.95	0.95	0	0
simcontig	181192	182216	simcontig:181192	0	+	simcontig	179168	180192	0	SD45	0	N/A	N/A	N/A	N/A	N/A	1024	0	0	1024	972.8	51.2	0	0	0.95	0.95	0	0
simcontig	183240	184264	simcontig:183240	0	+	simcontig	185264	186288	0	SD46	0	N/A	N/A	N/A	N/A	N/A	1024	0	0	1024	972.8	51.2	0	0	0.95	0.95	0	0
simcontig	185264	186288	simcontig:185264	0	+	simcontig	183240	184264	0	SD46	0	N/A	N/A	N/A	N/A	N/A	1024	0	0	1024	972.8	51.2	0	0	0.95	0.95	0	0
simcontig	187312	188336	simcontig:187312	0	+	simcontig	189336	190360	0	SD47	0	N/A	N/A	N/A	N/A	N/A	1024	0	0	1024	972.8	51.2	0	0	0.95	0.95	0	0
simcontig	189336	190360	simcontig:189336	0	+	simcontig	187312	188336	0	SD47	0	N/A	N/A	N/A	N/A	N/A	1024	0	0	1024	972.8	51.2	0	0	0.95	0.95	0	0
simcontig	191384	192408	simcontig:191384	0	+	simcontig	193408	194432	0	SD48	0	N/A	N/A	N/A	N/A	N/A	1024	0	0	1024	972.8	51.2	0	0	0.95	0.95	0	0
simcontig	193408	194432	simcontig:193408	0	+	simcontig	191384	192408	0	SD48	0	N/A	N/A	N/A	N/A	N/A	1024	0	0	1024	972.8	51.2	0	0	0.95	0.95	0	0
simcontig	195456	196480	simcontig:195456	0	+	simcontig	197480	198504	0	SD49	0	N/A	N/A	N/A	N/A	N/A	1024	0	0	1024	972.8	51.2	0	0	0.95	0.95	0	0
simcontig	197480	198504	simcontig:197480	0	+	simcontig	195456	196480	0	SD49	0	N/A	N/A	N/A	N/A	N/A	1024	0	0	1024	972.8	51.2	0	0	0.95	0.95	0	0
simcontig	199528	200552	simcontig:199528	0	+	simcontig	201552	202576	0	SD50	0	N/A	N/A	N/A	N/A	N/A	1024	0	0	1024	972.8	51.2	0	0	0.95	0.95	0	0
simcontig	201552	202576	simcontig:201552	0	+	simcontig	199528	200552	0	SD50	0	N/A	N/A	N/A	N/A	N/A	1024	0	0	1024	972.8	51.2	0	0	0.95	0.95	0	0
simcontig	203600	204624	simcontig:203600	0	+	simcontig	205624	206648	0	SD51	0	N/A	N/A	N/A	N/A	N/A	1024	0	0	1024	972.8	51.2	0	0	0.95	0.95	0	0
simcontig	205624	206648	simcontig:205624	0	+	simcontig	203600	204624	0	SD51	0	N/A	N/A	N/A	N/A	N/A	1024	0	0	1024	972.8	51.2	0	0	0.95	0.95	0	0
simcontig	207672	208696	simcontig:207672	0	+	simcontig	209696	210720	0	SD52	0	N/A	N/A	N/A	N/A	N/A	1024	0	0	1024	972.8	51.2	0	0	0.95	0.95	0	0
simcontig	209696	210720	simcontig:209696	0	+	simcontig	207672	208696	0	SD52	0	N/A	N/A	N/A	N/A	N/A	1024	0	0	1024	972.8	51.2	0	0	0.95	0.95	0	0
simcontig	211744	212768	simcontig:211744	0	+	simcontig	213768	214792	0	SD53	0	N/A	N/A	N/A	N/A	N/A	1024	0	0	1024	972.8	51.2	0	0	0.95	0.95	0	0
simcontig	213768	214792	simcontig:213768	0	+	simcontig	211744	212768	0	SD53	0	N/A	N/A	N/A	N/A	N/A	1024	0	0	1024	972.8	51.2	0	0	0.95	0.95	0	0
simcontig	215816	216840	simcontig:215816	0	+	simcontig	217840	218864	0	SD54	0	N/A	N/A	N/A	N/A	N/A	1024	0	0	1024	972.8	51.2	0	0	0.95	0.95	0	0
simcontig	217840	218864	simcontig:217840	0	+	simcontig	215816	216840	0	SD54	0	N/A	N/A	N/A	N/A	N/A	1024	0	0	1024	972.8	51.2	0	0	0.95	0.95	0	0
simcontig	219888	220912	simcontig:219888	0	+	simcontig	221912	222936	0	SD55	0	N/A	N/A	N/A	N/A	N/A	1024	0	0	1024	972.8	51.2	0	0	0.95	0.95	0	0
simcontig	221912	222936	simcontig:221912	0	+	simcontig	219888	220912	0	SD55	0	N/A	N/A	N/A	N/A	N/A	1024	0	0	1024	972.8	51.2	0	0	0.95	0.95	0	0
simcontig	223960	224984	simcontig:223960	0	+	simcontig	225984	227008	0	SD56	0	N/A	N/A	N/A	N/A	N/A	1024	0	0	1024	972.8	51.2	0	0	0.95	0.95	0	0
simcontig	225984	227008	simcontig:225984	0	+	simcontig	223960	224984	0	SD56	0	N/A	N/A	N/A	N/A	N/A	1024	0	0	1024	972.8	51.2	0	0	0.95	0.95	0	0
simcontig	228032	229056	simcontig:228032	0	+	simcontig	230056	231080	0	SD57	0	N/A	N/A	N/A	N/A	N/A	1024	0	0	1024	972.8	51.2	0	0	0.95	0.95	0	0
simcontig	230056	231080	simcontig:230056	0	+	simcontig	228032	229056	0	SD57	0	N/A	N/A	N/A	N/A	N/A	1024	0	0	1024	972.8	51.2	0	0	0.95	0.95	0	0
simcontig	232104	233128	simcontig:232104	0	+	simcontig	234128	235152	0	SD58	0	N/A	N/A	N/A	N/A	N/A	1024	0	0	1024	972.8	51.2	0	0	0.95	0.95	0	0
simcontig	234128	235152	simcontig:234128	0	+	simcontig	232104	233128	0	SD58	0	N/A	N/A	N/A	N/A	N/A	1024	0	0	1024	972.8	51.2	0	0	0.95	0.95	0	0
simcontig	236176	237200	simcontig:236176	0	+	simcontig	238200	239224	0	SD59	0	N/A	N/A	N/A	N/A	N/A	1024	0	0	1024	972.8	51.2	0	0	0.95	0.95	0	0
simcontig	238200	239224	simcontig:238200	0	+	simcontig	236176	237200	0	SD59	0	N/A	N/A	N/A	N/A	N/A	1024	0	0	1024	972.8	51.2	0	0	0.95	0.95	0	0
simcontig	240248	241272	simcontig:240248	0	+	simcontig	242272	243296	0	SD60	0	N/A	N/A	N/A	N/A	N/A	1024	0	0	1024	972.8	51.2	0	0	0.95	0.95	0	0
simcontig	242272	243296	simcontig:242272	0	+	simcontig	240248	241272	0	SD60	0	N/A	N/A	N/A	N/A	N/A	1024	0	0	1024	972.8	51.2	0	0	0.95	0.95	0	0
simcontig	244320	245344	simcontig:244320	0	+	simcontig	246344	247368	0	SD61	0	N/A	N/A	N/A	N/A	N/A	1024	0	0	1024	972.8	51.2	0	0	0.95	0.95	0	0
simcontig	246344	247368	simcontig:246344	0	+	simcontig	244320	245344	0	SD61	0	N/A	N/A	N/A	N/A	N/A	1024	0	0	1024	972.8	51.2	0	0	0.95	0.95	0	0
simcontig	248392	249416	simcontig:248392	0	+	simcontig	250416	251440	0	SD62	0	N/A	N/A	N/A	N/A	N/A	1024	0	0	1024	972.8	51.2	0	0	0.95	0.95	0	0
simcontig	250416	251440	simcontig:250416	0	+	simcontig	248392	249416	0	SD62	0	N/A	N/A	N/A	N/A	N/A	1024	0	0	1024	972.8	51.2	0	0	0.95	0.95	0	0
simcontig	252464	253488	simcontig:252464	0	+	simcontig	254488	255512	0	SD63	0	N/A	N/A	N/A	N/A	N/A	1024	0	0	1024	972.8	51.2	0	0	0.95	0.95	0	0
simcontig	254488	255512	simcontig:254488	0	+	simcontig	252464	253488	0	SD63	0	N/A	N/A	N/A	N/A	N/A	1024	0	0	1024	972.8	51.2	0	0	0.95	0.95	0	0
simcontig	256536	257560	simcontig:256536	0	+	simcontig	258560	259584	0	SD64	0	N/A	N/A	N/A	N/A	N/A	1024	0	0	1024	972.8	51.2	0	0	0.95	0.95	0	0
simcontig	258560	259584	simcontig:258560	0	+	simcontig	256536	257560	0	SD64	0	N/A	N/A	N/A	N/A	N/A	1024	0	0	1024	972.8	51.2	0	0	0.95	0.95	0	0
simcontig	260608	261632	simcontig:260608	0	+	simcontig	262632	263656	0	SD65	0	N/A	N/A	N/A	N/A	N/A	1024	0	0	1024	972.8	51.2	0	0	0.95	0.95	0	0
simcontig	262632	263656	simcontig:262632	0	+	simcontig	260608	261632	0	SD65	0	N/A	N/A	N/A	N/A	N/A	1024	0	0	1024	972.8	51.2	0	0	0.95	0.95	0	0
simcontig	264680	265704	simcontig:264680	0	+	simcontig	266704	267728	0	SD66	0	N/A	N/A	N/A	N/A	N/A	1024	0	0	1024	972.8	51.2	0	0	0.95	0.95	0	0
simcontig	266704	267728	simcontig:266704	0	+	simcontig	264680	265704	0	SD66	0	N/A	N/A	N/A	N/A	N/A	1024	0	0	1024	972.8	51.2	0	0	0.95	0.95	0	0
simcontig	268752	269776	simcontig:268752	0	+	simcontig	270776	271800	0	SD67	0	N/A	N/A	N/A	N/A	N/A	1024	0	0	1024	972.8	51.2	0	0	0.95	0.95	0	0
simcontig	270776	271800	simcontig:270776	0	+	simcontig	268752	269776	0	SD67	0	N/A	N/A	N/A	N/A	N/A	1024	0	0	1024	972.8	51.2	0	0	0.95	0.95	0	0
simcontig	272824	273848	simcontig:272824	0	+	simcontig	274848	275872	0	SD68	0	N/A	N/A	N/A	N/A	N/A	1024	0	0	1024	972.8	51.2	0	0	0.95	0.95	0	0
simcontig	274848	275872	simcontig:274848	0	+	simcontig	272824	273848	0	SD68	0	N/A	N/A	N/A	N/A	N/A	1024	0	0	1024	972.8	51.2	0	0	0.95	0.95	0	0
simcontig	276896	277920	simcontig:276896	0	+	simcontig	278920	279944	0	SD69	0	N/A	N/A	N/A	N/A	N/A	1024	0	0	1024	972.8	51.2	0	0	0.95	0.95	0	0
simcontig	278920	279944	simcontig:278920	0	+	simcontig	276896	277920	0	SD69	0	N/A	N/A	N/A	N/A	N/A	1024	0	0	1024	972.8	51.2	0	0	0.95	0.95	0	0
simcontig	280968	281992	simcontig:280968	0	+	simcontig	282992	284016	0	SD70	0	N/A	N/A	N/A	N/A	N/A	1024	0	0	1024	972.8	51.2	0	0	0.95	0.95	0	0
simcontig	282992	284016	simcontig:282992	0	+	simcontig	280968	281992	0	SD70	0	N/A	N/A	N/A	N/A	N/A	1024	0	0	1024	972.8	51.2	0	0	0.95	0.95	0	0
simcontig	285040	286064	simcontig:285040	0	+	simcontig	287064	288088	0	SD71	0	N/A	N/A	N/A	N/A	N/A	1024	0	0	1024	972.8	51.2	0	0	0.95	0.95	0	0
simcontig	287064	288088	simcontig:287064	0	+	simcontig	285040	286064	0	SD71	0	N/A	N/A	N/A	N/A	N/A	1024	0	0	1024	972.8	51.2	0	0	0.95	0.95	0	0
simcontig	289112	290136	simcontig:289112	0	+	simcontig	291136	292160	0	SD72	0	N/A	N/A	N/A	N/A	N/A	1024	0	0	1024	972.8	51.2	0	0	0.95	0.95	0	0
simcontig	291136	292160	simcontig:291136	0	+	simcontig	289112	290136	0	SD72	0	N/A	N/A	N/A	N/A	N/A	1024	0	0	1024	972.8	51.2	0	0	0.95	0.95	0	0
simcontig	293184	294208	simcontig:293184	0	+	simcontig	295208	296232	0	SD73	0	N/A	N/A	N/A	N/A	N/A	1024	0	0	1024	972.8	51.2	0	0	0.95	0.95	0	0
simcontig	295208	296232	simcontig:295208	0	+	simcontig	293184	294208	0	SD73	0	N/A	N/A	N/A	N/A	N/A	1024	0	0	1024	972.8	51.2	0	0	0.95	0.95	0	0
simcontig	297256	298280	simcontig:297256	0	+	simcontig	299280	300304	0	SD74	0	N/A	N/A	N/A	N/A	N/A	1024	0	0	1024	972.8	51.2	0	0	0.95	0.95	0	0
simcontig	299280	300304	simcontig:299280	0	+	simcontig	297256	298280	0	SD74	0	N/A	N/A	N/A	N/A	N/A	1024	0	0	1024	972.8	51.2	0	0	0.95	0.95	0	0
simcontig	301328	302352	simcontig:301328	0	+	simcontig	303352	304376	0	SD75	0	N/A	N/A	N/A	N/A	N/A	1024	0	0	1024	972.8	51.2	0	0	0.95	0.95	0	0
simcontig	303352	304376	simcontig:303352	0	+	simcontig	301328	302352	0	SD75	0	N/A	N/A	N/A	N/A	N/A	1024	0	0	1024	972.8	51.2	0	0	0.95	0.95	0	0
simcontig	305400	306424	simcontig:305400	0	+	simcontig	307424	308448	0	SD76	0	N/A	N/A	N/A	N/A	N/A	1024	0	0	1024	972.8	51.2	0	0	0.95	0.95	0	0
simcontig	307424	308448	simcontig:307424	0	+	simcontig	305400	306424	0	SD76	0	N/A	N/A	N/A	N/A	N/A	1024	0	0	1024	972.8	51.2	0	0	0.95	0.95	0	0
simcontig	309472	310496	simcontig:309472	0	+	simcontig	311496	312520	0	SD77	0	N/A	N/A	N/A	N/A	N/A	1024	0	0	1024	972.8	51.2	0	0	0.95	0.95	0	0
simcontig	311496	312520	simcontig:311496	0	+	simcontig	309472	310496	0	SD77	0	N/A	N/A	N/A	N/A	N/A	1024	0	0	1024	972.8	51.2	0	0	0.95	0.95	0	0
simcontig	313544	314568	simcontig:313544	0	+	simcontig	315568	316592	0	SD78	0	N/A	N/A	N/A	N/A	N/A	1024	0	0	1024	972.8	51.2	0	0	0.95	0.95	0	0
simcontig	315568	316592	simcontig:315568	0	+	simcontig	313544	314568	0	SD78	0	N/A	N/A	N/A	N/A	N/A	1024	0	0	1024	972.8	51.2	0	0	0.95	0.95	0	0
simcontig	317616	318640	simcontig:317616	0	+	simcontig	319640	320664	0	SD79	0	N/A	N/A	N/A	N/A	N/A	1024	0	0	1024	972.8	51.2	0	0	0.95	0.95	0	0
simcontig	319640	320664	simcontig:319640	0	+	simcontig	317616	318640	0	SD79	0	N/A	N/A	N/A	N/A	N/A	1024	0	0	1024	972.8	51.2	0	0	0.95	0.95	0	0
simcontig	321688	322712	simcontig:321688	0	+	simcontig	323712	324736	0	SD80	0	N/A	N/A	N/A	N/A	N/A	1024	0	0	1024	972.8	51.2	0	0	0.95	0.95	0	0
simcontig	323712	324736	simcontig:323712	0	+	simcontig	321688	322712	0	SD80	0	N/A	N/A	N/A	N/A	N/A	1024	0	0	1024	972.8	51.2	0	0	0.95	0.95	0	0
simcontig	325760	326784	simcontig:325760	0	+	simcontig	327784	328808	0	SD81	0	N/A	N/A	N/A	N/A	N/A	1024	0	0	1024	972.8	51.2	0	0	0.95	0.95	0	0
simcontig	327784	328808	simcontig:327784	0	+	simcontig	325760	326784	0	SD81	0	N/A	N/A	N/A	N/A	N/A	1024	0	0	1024	972.8	51.2	0	0	0.95	0.95	0	0
simcontig	329832	330856	simcontig:329832	0	+	simcontig	331856	332880	0	SD82	0	N/A	N/A	N/A	N/A	N/A	1024	0	0	1024	972.8	51.2	0	0	0.95	0.95	0	0
simcontig	331856	332880	simcontig:331856	0	+	simcontig	329832	330856	0	SD82	0	N/A	N/A	N/A	N/A	N/A	1024	0	0	1024	972.8	51.2	0	0	0.95	0.95	0	0
simcontig	333904	334928	simcontig:333904	0	+	simcontig	335928	336952	0	SD83	0	N/A	N/A	N/A	N/A	N/A	1024	0	0	1024	972.8	51.2	0	0	0.95	0.95	0	0
simcontig	335928	336952	simcontig:335928	0	+	simcontig	333904	334928	0	SD83	0	N/A	N/A	N/A	N/A	N/A	1024	0	0	1024	972.8	51.2	0	0	0.95	0.95	0	0
simcontig	337976	339000	simcontig:337976	0	+	simcontig	340000	341024	0	SD84	0	N/A	N/A	N/A	N/A	N/A	1024	0	0	1024	972.8	51.2	0	0	0.95	0.95	0	0
simcontig	340000	341024	simcontig:340000	0	+	simcontig	337976	339000	0	SD84	0	N/A	N/A	N/A	N/A	N/A	1024	0	0	1024	972.8	51.2	0	0	0.95	0.95	0	0
simcontig	342048	343072	simcontig:342048	0	+	simcontig	344072	345096	0	SD85	0	N/A	N/A	N/A	N/A	N/A	1024	0	0	1024	972.8	51.2	0	0	0.95	0.95	0	0
simcontig	344072	345096	simcontig:344072	0	+	simcontig	342048	343072	0	SD85	0	N/A	N/A	N/A	N/A	N/A	1024	0	0	1024	972.8	51.2	0	0	0.95	0.95	0	0
simcontig	346120	347144	simcontig:346120	0	+	simcontig	348144	349168	0	SD86	0	N/A	N/A	N/A	N/A	N/A	1024	0	0	1024	972.8	51.2	0	0	0.95	0.95	0	0
simcontig	348144	349168	simcontig:348144	0	+	simcontig	346120	347144	0	SD86	0	N/A	N/A	N/A	N/A	N/A	1024	0	0	1024	972.8	51.2	0	0	0.95	0.95	0	0
simcontig	350192	351216	simcontig:350192	0	+	simcontig	352216	353240	0	SD87	0	N/A	N/A	N/A	N/A	N/A	1024	0	0	1024	972.8	51.2	0	0	0.95	0.95	0	0
simcontig	352216	353240	simcontig:352216	0	+	simcontig	350192	351216	0	SD87	0	N/A	N/A	N/A	N/A	N/A	1024	0	0	1024	972.8	51.2	0	0	0.95	0.95	0	0
simcontig	354264	355288	simcontig:354264	0	+	simcontig	356288	357312	0	SD88	0	N/A	N/A	N/A	N/A	N/A	1024	0	0	1024	972.8	51.2	0	0	0.95	0.95	0	0
simcontig	356288	357312	simcontig:356288	0	+	simcontig	354264	355288	0	SD88	0	N/A	N/A	N/A	N/A	N/A	1024	0	0	1024	972.8	51.2	0	0	0.95	0.95	0	0
simcontig	358336	359360	simcontig:358336	0	+	simcontig	360360	361384	0	SD89	0	N/A	N/A	N/A	N/A	N/A	1024	0	0	1024	972.8	51.2	0	0	0.95	0.95	0	0
simcontig	360360	361384	simcontig:360360	0	+	simcontig	358336	359360	0	SD89	0	N/A	N/A	N/A	N/A	N/A	1024	0	0	1024	972.8	51.2	0	0	0.95	0.95	0	0
simcontig	362408	363432	simcontig:362408	0	+	simcontig	364432	365456	0	SD90	0	N/A	N/A	N/A	N/A	N/A	1024	0	0	1024	972.8	51.2	0	0	0.95	0.95	0	0
simcontig	364432	365456	simcontig:364432	0	+	simcontig	362408	363432	0	SD90	0	N/A	N/A	N/A	N/A	N/A	1024	0	0	1024	972.8	51.2	0	0	0.95	0.95	0	0
simcontig	366480	367504	simcontig:366480	0	+	simcontig	368504	369528	0	SD91	0	N/A	N/A	N/A	N/A	N/A	1024	0	0	1024	972.8	51.2	0	0	0.95	0.95	0	0
simcontig	368504	369528	simcontig:368504	0	+	simcontig	366480	367504	0	SD91	0	N/A	N/A	N/A	N/A	N/A	1024	0	0	1024	972.8	51.2	0	0	0.95	0.95	0	0
simcontig	370552	371576	simcontig:370552	0	+	simcontig	372576	373600	0	SD92	0	N/A	N/A	N/A	N/A	N/A	1024	0	0	1024	972.8	51.2	0	0	0.95	0.95	0	0
simcontig	372576	373600	simcontig:372576	0	+	simcontig	370552	371576	0	SD92	0	N/A	N/A	N/A	N/A	N/A	1024	0	0	1024	972.8	51.2	0	0	0.95	0.95	0	0
simcontig	374624	375648	simcontig:374624	0	+	simcontig	376648	377672	0	SD93	0	N/A	N/A	N/A	N/A	N/A	1024	0	0	1024	972.8	51.2	0	0	0.95	0.95	0	0
simcontig	376648	377672	simcontig:376648	0	+	simcontig	374624	375648	0	SD93	0	N/A	N/A	N/A	N/A	N/A	1024	0	0	1024	972.8	51.2	0	0	0.95	0.95	0	0
simcontig	378696	379720	simcontig:378696	0	+	simcontig	380720	381744	0	SD94	0	N/A	N/A	N/A	N/A	N/A	1024	0	0	1024	972.8	51.2	0	0	0.95	0.95	0	0
simcontig	380720	381744	simcontig:380720	0	+	simcontig	378696	379720	0	SD94	0	N/A	N/A	N/A	N/A	N/A	1024	0	0	1024	972.8	51.2	0	0	0.95	0.95	0	0
simcontig	382768	383792	simcontig:382768	0	+	simcontig	384792	385816	0	SD95	0	N/A	N/A	N/A	N/A	N/A	1024	0	0	1024	972.8	51.2	0	0	0.95	0.95	0	0
simcontig	384792	385816	simcontig:384792	0	+	simcontig	382768	383792	0	SD95	0	N/A	N/A	N/A	N/A	N/A	1024	0	0	1024	972.8	51.2	0	0	0.95	0.95	0	0
simcontig	386840	387864	simcontig:386840	0	+	simcontig	388864	389888	0	SD96	0	N/A	N/A	N/A	N/A	N/A	1024	0	0	1024	972.8	51.2	0	0	0.95	0.95	0	0
simcontig	388864	389888	simcontig:388864	0	+	simcontig	386840	387864	0	SD96	0	N/A	N/A	N/A	N/A	N/A	1024	0	0	1024	972.8	51.2	0	0	0.95	0.95	0	0
simcontig	390912	391936	simcontig:390912	0	+	simcontig	392936	393960	0	SD97	0	N/A	N/A	N/A	N/A	N/A	1024	0	0	1024	972.8	51.2	0	0	0.95	0.95	0	0
simcontig	392936	393960	simcontig:392936	0	+	simcontig	390912	391936	0	SD97	0	N/A	N/A	N/A	N/A	N/A	1024	0	0	1024	972.8	51.2	0	0	0.95	0.95	0	0
simcontig	394984	396008	simcontig:394984	0	+	simcontig	397008	398032	0	SD98	0	N/A	N/A	N/A	N/A	N/A	1024	0	0	1024	972.8	51.2	0	0	0.95	0.95	0	0
simcontig	397008	398032	simcontig:397008	0	+	simcontig	394984	396008	0	SD98	0	N/A	N/A	N/A	N/A	N/A	1024	0	0	1024	972.8	51.2	0	0	0.95	0.95	0	0
simcontig	399056	400080	simcontig:399056	0	+	simcontig	401080	402104	0	SD99	0	N/A	N/A	N/A	N/A	N/A	1024	0	0	1024	972.8	51.2	0	0	0.95	0.95	0	0
simcontig	401080	402104	simcontig:401080	0	+	simcontig	399056	400080	0	SD99	0	N/A	N/A	N/A	N/A	N/A	1024	0	0	1024	972.8	51.2	0	0	0.95	0.95	0	0
simcontig	403128	404152	simcontig:403128	0	+	simcontig	405152	406176	0	SD100	0	N/A	N/A	N/A	N/A	N/A	1024	0	0	1024	972.8	51.2	0	0	0.95	0.95	0	0
simcontig	405152	406176	simcontig:405152	0	+	simcontig	403128	404152	0	SD100	0	N/A	N/A	N/A	N/A	N/A	1024	0	0	1024	972.8	51.2	0	0	0.95	0.95	0	0
simcontig	407200	408224	simcontig:407200	0	+	simcontig	409224	410248	0	SD101	0	N/A	N/A	N/A	N/A	N/A	1024	0	0	1024	972.8	51.2	0	0	0.95	0.95	0	0
simcontig	409224	410248	simcontig:409224	0	+	simcontig	407200	408224	0	SD101	0	N/A	N/A	N/A	N/A	N/A	1024	0	0	1024	972.8	51.2	0	0	0.95	0.95	0	0
simcontig	411272	412296	simcontig:411272	0	+	simcontig	413296	414320	0	SD102	0	N/A	N/A	N/A	N/A	N/A	1024	0	0	1024	972.8	51.2	0	0	0.95	0.95	0	0
simcontig	413296	414320	simcontig:413296	0	+	simcontig	411272	412296	0	SD102	0	N/A	N/A	N/A	N/A	N/A	1024	0	0	1024	972.8	51.2	0	0	0.95	0.95	0	0
simcontig	415344	416368	simcontig:415344	0	+	simcontig	417368	418392	0	SD103	0	N/A	N/A	N/A	N/A	N/A	1024	0	0	1024	972.8	51.2	0	0	0.95	0.95	0	0
simcontig	417368	418392	simcontig:417368	0	+	simcontig	415344	416368	0	SD103	0	N/A	N/A	N/A	N/A	N/A	1024	0	0	1024	972.8	51.2	0	0	0.95	0.95	0	0
simcontig	419416	420440	simcontig:419416	0	+	simcontig	421440	422464	0	SD104	0	N/A	N/A	N/A	N/A	N/A	1024	0	0	1024	972.8	51.2	0	0	0.95	0.95	0	0
simcontig	421440	422464	simcontig:421440	0	+	simcontig	419416	420440	0	SD104	0	N/A	N/A	N/A	N/A	N/A	1024	0	0	1024	972.8	51.2	0	0	0.95	0.95	0	0
simcontig	423488	424512	simcontig:423488	0	+	simcontig	425512	426536	0	SD105	0	N/A	N/A	N/A	N/A	N/A	1024	0	0	1024	972.8	51.2	0	0	0.95	0.95	0	0
simcontig	425512	426536	simcontig:425512	0	+	simcontig	423488	424512	0	SD105	0	N/A	N/A	N/A	N/A	N/A	1024	0	0	1024	972.8	51.2	0	0	0.95	0.95	0	0
simcontig	427560	428584	simcontig:427560	0	+	simcontig	429584	430608	0	SD106	0	N/A	N/A	N/A	N/A	N/A	1024	0	0	1024	972.8	51.2	0	0	0.95	0.95	0	0
simcontig	429584	430608	simcontig:429584	0	+	simcontig	427560	428584	0	SD106	0	N/A	N/A	N/A	N/A	N/A	1024	0	0	1024	972.8	51.2	0	0	0.95	0.95	0	0
simcontig	431632	432656	simcontig:431632	0	+	simcontig	433656	434680	0	SD107	0	N/A	N/A	N/A	N/A	N/A	1024	0	0	1024	972.8	51.2	0	0	0.95	0.95	0	0
simcontig	433656	434680	simcontig:433656	0	+	simcontig	431632	432656	0	SD107	0	N/A	N/A	N/A	N/A	N/A	1024	0	0	1024	972.8	51.2	0	0	0.95	0.95	0	0
simcontig	435704	436728	simcontig:435704	0	+	simcontig	437728	438752	0	SD108	0	N/A	N/A	N/A	N/A	N/A	1024	0	0	1024	972.8	51.2	0	0	0.95	0.95	0	0
simcontig	437728	438752	simcontig:437728	0	+	simcontig	435704	436728	0	SD108	0	N/A	N/A	N/A	N/A	N/A	1024	0	0	1024	972.8	51.2	0	0	0.95	0.95	0	0
simcontig	439776	440800	simcontig:439776	0	+	simcontig	441800	442824	0	SD109	0	N/A	N/A	N/A	N/A	N/A	1024	0	0	1024	972.8	51.2	0	0	0.95	0.95	0	0
simcontig	441800	442824	simcontig:441800	0	+	simcontig	439776	440800	0	SD109	0	N/A	N/A	N/A	N/A	N/A	1024	0	0	1024	972.8	51.2	0	0	0.95	0.95	0	0
simcontig	443848	444872	simcontig:443848	0	+	simcontig	445872	446896	0	SD110	0	N/A	N/A	N/A	N/A	N/A	1024	0	0	1024	972.8	51.2	0	0	0.95	0.95	0	0
simcontig	445872	446896	simcontig:445872	0	+	simcontig	443848	444872	0	SD110	0	N/A	N/A	N/A	N/A	N/A	1024	0	0	1024	972.8	51.2	0	0	0.95	0.95	0	0
simcontig	447920	448944	simcontig:447920	0	+	simcontig	449944	450968	0	SD111	0	N/A	N/A	N/A	N/A	N/A	1024	0	0	1024	972.8	51.2	0	0	0.95	0.95	0	0
simcontig	449944	450968	simcontig:449944	0	+	simcontig	447920	448944	0	SD111	0	N/A	N/A	N/A	N/A	N/A	1024	0	0	1024	972.8	51.2	0	0	0.95	0.95	0	0
simcontig	451992	453016	simcontig:451992	0	+	simcontig	454016	455040	0	SD112	0	N/A	N/A	N/A	N/A	N/A	1024	0	0	1024	972.8	51.2	0	0	0.95	0.95	0	0
simcontig	454016	455040	simcontig:454016	0	+	simcontig	451992	453016	0	SD112	0	N/A	N/A	N/A	N/A	N/A	1024	0	0	1024	972.8	51.2	0	0	0.95	0.95	0	0
simcontig	456064	457088	simcontig:456064	0	+	simcontig	458088	459112	0	SD113	0	N/A	N/A	N/A	N/A	N/A	1024	0	0	1024	972.8	51.2	0	0	0.95	0.95	0	0
simcontig	458088	459112	simcontig:458088	0	+	simcontig	456064	457088	0	SD113	0	N/A	N/A	N/A	N/A	N/A	1024	0	0	1024	972.8	51.2	0	0	0.95	0.95	0	0
simcontig	460136	461160	simcontig:460136	0	+	simcontig	462160	463184	0	SD114	0	N/A	N/A	N/A	N/A	N/A	1024	0	0	1024	972.8	51.2	0	0	0.95	0.95	0	0
simcontig	462160	463184	simcontig:462160	0	+	simcontig	460136	461160	0	SD114	0	N/A	N/A	N/A	N/A	N/A	1024	0	0	1024	972.8	51.2	0	0	0.95	0.95	0	0
simcontig	464208	465232	simcontig:464208	0	+	simcontig	466232	467256	0	SD115	0	N/A	N/A	N/A	N/A	N/A	1024	0	0	1024	972.8	51.2	0	0	0.95	0.95	0	0
simcontig	466232	467256	simcontig:466232	0	+	simcontig	464208	465232	0	SD115	0	N/A	N/A	N/A	N/A	N/A	1024	0	0	1024	972.8	51.2	0	0	0.95	0.95	0	0
simcontig	468280	469304	simcontig:468280	0	+	simcontig	470304	471328	0	SD116	0	N/A	N/A	N/A	N/A	N/A	1024	0	0	1024	972.8	51.2	0	0	0.95	0.95	0	0
simcontig	470304	471328	simcontig:470304	0	+	simcontig	468280	469304	0	SD116	0	N/A	N/A	N/A	N/A	N/A	1024	0	0	1024	972.8	51.2	0	0	0.95	0.95	0	0
simcontig	472352	473376	simcontig:472352	0	+	simcontig	474376	475400	0	SD117	0	N/A	N/A	N/A	N/A	N/A	1024	0	0	1024	972.8	51.2	0	0	0.95	0.95	0	0
simcontig	474376	475400	simcontig:474376	0	+	simcontig	472352	473376	0	SD117	0	N/A	N/A	N/A	N/A	N/A	1024	0	0	1024	972.8	51.2	0	0	0.95	0.95	0	0
simcontig	476424	477448	simcontig:476424	0	+	simcontig	478448	479472	0	SD118	0	N/A	N/A	N/A	N/A	N/A	1024	0	0	1024	972.8	51.2	0	0	0.95	0.95	0	0
simcontig	478448	479472	simcontig:478448	0	+	simcontig	476424	477448	0	SD118	0	N/A	N/A	N/A	N/A	N/A	1024	0	0	1024	972.8	51.2	0	0	0.95	0.95	0	0
simcontig	480496	481520	simcontig:480496	0	+	simcontig	482520	483544	0	SD119	0	N/A	N/A	N/A	N/A	N/A	1024	0	0	1024	972.8	51.2	0	0	0.95	0.95	0	0
simcontig	482520	483544	simcontig:482520	0	+	simcontig	480496	481520	0	SD119	0	N/A	N/A	N/A	N/A	N/A	1024	0	0	1024	972.8	51.2	0	0	0.95	0.95	0	0
simcontig	484568	485592	simcontig:484568	0	+	simcontig	486592	487616	0	SD120	0	N/A	N/A	N/A	N/A	N/A	1024	0	0	1024	972.8	51.2	0	0	0.95	0.95	0	0
simcontig	486592	487616	simcontig:486592	0	+	simcontig	484568	485592	0	SD120	0	N/A	N/A	N/A	N/A	N/A	1024	0	0	1024	972.8	51.2	0	0	0.95	0.95	0	0
simcontig	488640	489664	simcontig:488640	0	+	simcontig	490664	491688	0	SD121	0	N/A	N/A	N/A	N/A	N/A	1024	0	0	1024	972.8	51.2	0	0	0.95	0.95	0	0
simcontig	490664	491688	simcontig:490664	0	+	simcontig	488640	489664	0	SD121	0	N/A	N/A	N/A	N/A	N/A	1024	0	0	1024	972.8	51.2	0	0	0.95	0.95	0	0
simcontig	492712	493736	simcontig:492712	0	+	simcontig	494736	495760	0	SD122	0	N/A	N/A	N/A	N/A	N/A	1024	0	0	1024	972.8	51.2	0	0	0.95	0.95	0	0
simcontig	494736	495760	simcontig:494736	0	+	simcontig	492712	493736	0	SD122	0	N/A	N/A	N/A	N/A	N/A	1024	0	0	1024	972.8	51.2	0	0	0.95	0.95	0	0
